id,character,category,category_index,checkpoint,prompt_positive,prompt_negative,seed,steps,cfg,sampler,scheduler,width,height,prompt_id,filename,subfolder,type,image_path,elapsed_seconds,created_at,approved,notes
valentina_sol_playa_001,Valentina Sol,playa,1,realvisxlV50_v50Bakedvae.safetensors,"photorealistic lifestyle portrait of Valentina Sol, virtual latina influencer, consistent face, oval face, warm olive skin, soft hazel eyes, thick natural dark brown wavy hair, defined brows, subtle beauty mark near left cheek, gentle confident smile, clean fresh makeup, sunlit natural light, premium lifestyle photography, 35mm lens, shallow depth of field, editorial but realistic, warm coastal color palette, cream linen outfit, gold minimal earrings, relaxed elegant pose, walking on a quiet beach at sunrise, cream linen shirt, sea breeze, soft waves in background, single person, same identity, consistent facial features, realistic hands when visible, no text, no watermark","low quality, blurry, overprocessed, plastic skin, uncanny, distorted face, asymmetrical eyes, bad anatomy, extra fingers, missing fingers, deformed hands, duplicate person, childlike, old age, harsh makeup, heavy filters, watermark, logo, text, signature, cropped head, extreme closeup, nsfw, nude, lingerie, celebrity lookalike",310520260001,6,2.0,euler,normal,512,768,3ffef507-3659-4347-a576-a2991567e31a,valentina_sol_playa_001_00001_.png,dataset\valentina_sol\playa,output,images/generated/dataset/valentina_sol/playa/valentina_sol_playa_001_00001_.png,2.036,2026-05-31T22:33:08.105271+00:00,False,initial_sdxl_seed_dataset
valentina_sol_playa_002,Valentina Sol,playa,2,realvisxlV50_v50Bakedvae.safetensors,"photorealistic lifestyle portrait of Valentina Sol, virtual latina influencer, consistent face, oval face, warm olive skin, soft hazel eyes, thick natural dark brown wavy hair, defined brows, subtle beauty mark near left cheek, gentle confident smile, clean fresh makeup, sunlit natural light, premium lifestyle photography, 35mm lens, shallow depth of field, editorial but realistic, warm coastal color palette, cream linen outfit, gold minimal earrings, relaxed elegant pose, sitting on a woven beach towel with a straw tote, golden hour, natural candid smile, single person, same identity, consistent facial features, realistic hands when visible, no text, no watermark","low quality, blurry, overprocessed, plastic skin, uncanny, distorted face, asymmetrical eyes, bad anatomy, extra fingers, missing fingers, deformed hands, duplicate person, childlike, old age, harsh makeup, heavy filters, watermark, logo, text, signature, cropped head, extreme closeup, nsfw, nude, lingerie, celebrity lookalike",310520260002,6,2.0,euler,normal,512,768,838154c1-edbd-4a30-927b-4c95b5b94cf9,valentina_sol_playa_002_00001_.png,dataset\valentina_sol\playa,output,images/generated/dataset/valentina_sol/playa/valentina_sol_playa_002_00001_.png,8.253,2026-05-31T22:33:16.360478+00:00,False,initial_sdxl_seed_dataset
valentina_sol_playa_003,Valentina Sol,playa,3,realvisxlV50_v50Bakedvae.safetensors,"photorealistic lifestyle portrait of Valentina Sol, virtual latina influencer, consistent face, oval face, warm olive skin, soft hazel eyes, thick natural dark brown wavy hair, defined brows, subtle beauty mark near left cheek, gentle confident smile, clean fresh makeup, sunlit natural light, premium lifestyle photography, 35mm lens, shallow depth of field, editorial but realistic, warm coastal color palette, cream linen outfit, gold minimal earrings, relaxed elegant pose, standing near turquoise water, light denim shorts, relaxed editorial summer pose, single person, same identity, consistent facial features, realistic hands when visible, no text, no watermark","low quality, blurry, overprocessed, plastic skin, uncanny, distorted face, asymmetrical eyes, bad anatomy, extra fingers, missing fingers, deformed hands, duplicate person, childlike, old age, harsh makeup, heavy filters, watermark, logo, text, signature, cropped head, extreme closeup, nsfw, nude, lingerie, celebrity lookalike",310520260003,6,2.0,euler,normal,512,768,75779c16-dbe6-4005-a168-2f096799cbfb,valentina_sol_playa_003_00001_.png,dataset\valentina_sol\playa,output,images/generated/dataset/valentina_sol/playa/valentina_sol_playa_003_00001_.png,8.047,2026-05-31T22:33:24.412550+00:00,False,initial_sdxl_seed_dataset
valentina_sol_playa_004,Valentina Sol,playa,4,realvisxlV50_v50Bakedvae.safetensors,"photorealistic lifestyle portrait of Valentina Sol, virtual latina influencer, consistent face, oval face, warm olive skin, soft hazel eyes, thick natural dark brown wavy hair, defined brows, subtle beauty mark near left cheek, gentle confident smile, clean fresh makeup, sunlit natural light, premium lifestyle photography, 35mm lens, shallow depth of field, editorial but realistic, warm coastal color palette, cream linen outfit, gold minimal earrings, relaxed elegant pose, holding sunglasses near the shore, wet sand reflection, clean coastal palette, single person, same identity, consistent facial features, realistic hands when visible, no text, no watermark","low quality, blurry, overprocessed, plastic skin, uncanny, distorted face, asymmetrical eyes, bad anatomy, extra fingers, missing fingers, deformed hands, duplicate person, childlike, old age, harsh makeup, heavy filters, watermark, logo, text, signature, cropped head, extreme closeup, nsfw, nude, lingerie, celebrity lookalike",310520260004,6,2.0,euler,normal,512,768,0a719db0-78f3-4176-a281-ad21d7e24826,valentina_sol_playa_004_00001_.png,dataset\valentina_sol\playa,output,images/generated/dataset/valentina_sol/playa/valentina_sol_playa_004_00001_.png,8.075,2026-05-31T22:33:32.489862+00:00,False,initial_sdxl_seed_dataset
valentina_sol_playa_005,Valentina Sol,playa,5,realvisxlV50_v50Bakedvae.safetensors,"photorealistic lifestyle portrait of Valentina Sol, virtual latina influencer, consistent face, oval face, warm olive skin, soft hazel eyes, thick natural dark brown wavy hair, defined brows, subtle beauty mark near left cheek, gentle confident smile, clean fresh makeup, sunlit natural light, premium lifestyle photography, 35mm lens, shallow depth of field, editorial but realistic, warm coastal color palette, cream linen outfit, gold minimal earrings, relaxed elegant pose, reading a small book under a white beach umbrella, calm premium lifestyle mood, single person, same identity, consistent facial features, realistic hands when visible, no text, no watermark","low quality, blurry, overprocessed, plastic skin, uncanny, distorted face, asymmetrical eyes, bad anatomy, extra fingers, missing fingers, deformed hands, duplicate person, childlike, old age, harsh makeup, heavy filters, watermark, logo, text, signature, cropped head, extreme closeup, nsfw, nude, lingerie, celebrity lookalike",310520260005,6,2.0,euler,normal,512,768,91641edd-aa86-49a1-8958-98a0c60de58d,valentina_sol_playa_005_00001_.png,dataset\valentina_sol\playa,output,images/generated/dataset/valentina_sol/playa/valentina_sol_playa_005_00001_.png,8.057,2026-05-31T22:33:40.549430+00:00,False,initial_sdxl_seed_dataset
valentina_sol_playa_006,Valentina Sol,playa,6,realvisxlV50_v50Bakedvae.safetensors,"photorealistic lifestyle portrait of Valentina Sol, virtual latina influencer, consistent face, oval face, warm olive skin, soft hazel eyes, thick natural dark brown wavy hair, defined brows, subtle beauty mark near left cheek, gentle confident smile, clean fresh makeup, sunlit natural light, premium lifestyle photography, 35mm lens, shallow depth of field, editorial but realistic, warm coastal color palette, cream linen outfit, gold minimal earrings, relaxed elegant pose, close portrait with ocean bokeh, minimal gold earrings, wind in wavy hair, single person, same identity, consistent facial features, realistic hands when visible, no text, no watermark","low quality, blurry, overprocessed, plastic skin, uncanny, distorted face, asymmetrical eyes, bad anatomy, extra fingers, missing fingers, deformed hands, duplicate person, childlike, old age, harsh makeup, heavy filters, watermark, logo, text, signature, cropped head, extreme closeup, nsfw, nude, lingerie, celebrity lookalike",310520260006,6,2.0,euler,normal,512,768,42199a12-9089-473d-aa1f-c1679f4b5df1,valentina_sol_playa_006_00001_.png,dataset\valentina_sol\playa,output,images/generated/dataset/valentina_sol/playa/valentina_sol_playa_006_00001_.png,8.05,2026-05-31T22:33:48.603597+00:00,False,initial_sdxl_seed_dataset
valentina_sol_playa_007,Valentina Sol,playa,7,realvisxlV50_v50Bakedvae.safetensors,"photorealistic lifestyle portrait of Valentina Sol, virtual latina influencer, consistent face, oval face, warm olive skin, soft hazel eyes, thick natural dark brown wavy hair, defined brows, subtle beauty mark near left cheek, gentle confident smile, clean fresh makeup, sunlit natural light, premium lifestyle photography, 35mm lens, shallow depth of field, editorial but realistic, warm coastal color palette, cream linen outfit, gold minimal earrings, relaxed elegant pose, walking barefoot on sand with linen overshirt, warm sun, travel diary mood, single person, same identity, consistent facial features, realistic hands when visible, no text, no watermark","low quality, blurry, overprocessed, plastic skin, uncanny, distorted face, asymmetrical eyes, bad anatomy, extra fingers, missing fingers, deformed hands, duplicate person, childlike, old age, harsh makeup, heavy filters, watermark, logo, text, signature, cropped head, extreme closeup, nsfw, nude, lingerie, celebrity lookalike",310520260007,6,2.0,euler,normal,512,768,6abaf9b1-d2a1-4fe9-a6e7-3d303d81aa26,valentina_sol_playa_007_00001_.png,dataset\valentina_sol\playa,output,images/generated/dataset/valentina_sol/playa/valentina_sol_playa_007_00001_.png,8.074,2026-05-31T22:33:56.685031+00:00,False,initial_sdxl_seed_dataset
valentina_sol_playa_008,Valentina Sol,playa,8,realvisxlV50_v50Bakedvae.safetensors,"photorealistic lifestyle portrait of Valentina Sol, virtual latina influencer, consistent face, oval face, warm olive skin, soft hazel eyes, thick natural dark brown wavy hair, defined brows, subtle beauty mark near left cheek, gentle confident smile, clean fresh makeup, sunlit natural light, premium lifestyle photography, 35mm lens, shallow depth of field, editorial but realistic, warm coastal color palette, cream linen outfit, gold minimal earrings, relaxed elegant pose, holding a reusable water bottle after a morning beach walk, healthy lifestyle aesthetic, single person, same identity, consistent facial features, realistic hands when visible, no text, no watermark","low quality, blurry, overprocessed, plastic skin, uncanny, distorted face, asymmetrical eyes, bad anatomy, extra fingers, missing fingers, deformed hands, duplicate person, childlike, old age, harsh makeup, heavy filters, watermark, logo, text, signature, cropped head, extreme closeup, nsfw, nude, lingerie, celebrity lookalike",310520260008,6,2.0,euler,normal,512,768,8a571e68-9015-4d03-9bc5-4396b8ac5bac,valentina_sol_playa_008_00001_.png,dataset\valentina_sol\playa,output,images/generated/dataset/valentina_sol/playa/valentina_sol_playa_008_00001_.png,8.048,2026-05-31T22:34:04.736838+00:00,False,initial_sdxl_seed_dataset
valentina_sol_playa_009,Valentina Sol,playa,9,realvisxlV50_v50Bakedvae.safetensors,"photorealistic lifestyle portrait of Valentina Sol, virtual latina influencer, consistent face, oval face, warm olive skin, soft hazel eyes, thick natural dark brown wavy hair, defined brows, subtle beauty mark near left cheek, gentle confident smile, clean fresh makeup, sunlit natural light, premium lifestyle photography, 35mm lens, shallow depth of field, editorial but realistic, warm coastal color palette, cream linen outfit, gold minimal earrings, relaxed elegant pose, seated on a low beach chair, coral swimsuit covered by linen wrap, tasteful non-revealing styling, single person, same identity, consistent facial features, realistic hands when visible, no text, no watermark","low quality, blurry, overprocessed, plastic skin, uncanny, distorted face, asymmetrical eyes, bad anatomy, extra fingers, missing fingers, deformed hands, duplicate person, childlike, old age, harsh makeup, heavy filters, watermark, logo, text, signature, cropped head, extreme closeup, nsfw, nude, lingerie, celebrity lookalike",310520260009,6,2.0,euler,normal,512,768,be8cbc04-5eea-4e1c-9792-fe0d4f7c7957,valentina_sol_playa_009_00001_.png,dataset\valentina_sol\playa,output,images/generated/dataset/valentina_sol/playa/valentina_sol_playa_009_00001_.png,8.052,2026-05-31T22:34:12.790730+00:00,False,initial_sdxl_seed_dataset
valentina_sol_playa_010,Valentina Sol,playa,10,realvisxlV50_v50Bakedvae.safetensors,"photorealistic lifestyle portrait of Valentina Sol, virtual latina influencer, consistent face, oval face, warm olive skin, soft hazel eyes, thick natural dark brown wavy hair, defined brows, subtle beauty mark near left cheek, gentle confident smile, clean fresh makeup, sunlit natural light, premium lifestyle photography, 35mm lens, shallow depth of field, editorial but realistic, warm coastal color palette, cream linen outfit, gold minimal earrings, relaxed elegant pose, looking back over shoulder on a wooden pier, sea blue background, soft cinematic light, single person, same identity, consistent facial features, realistic hands when visible, no text, no watermark","low quality, blurry, overprocessed, plastic skin, uncanny, distorted face, asymmetrical eyes, bad anatomy, extra fingers, missing fingers, deformed hands, duplicate person, childlike, old age, harsh makeup, heavy filters, watermark, logo, text, signature, cropped head, extreme closeup, nsfw, nude, lingerie, celebrity lookalike",310520260010,6,2.0,euler,normal,512,768,fcdbe64c-fde9-49ae-a4d1-41f1f4043b0e,valentina_sol_playa_010_00001_.png,dataset\valentina_sol\playa,output,images/generated/dataset/valentina_sol/playa/valentina_sol_playa_010_00001_.png,8.258,2026-05-31T22:34:21.053382+00:00,False,initial_sdxl_seed_dataset
valentina_sol_playa_011,Valentina Sol,playa,11,realvisxlV50_v50Bakedvae.safetensors,"photorealistic lifestyle portrait of Valentina Sol, virtual latina influencer, consistent face, oval face, warm olive skin, soft hazel eyes, thick natural dark brown wavy hair, defined brows, subtle beauty mark near left cheek, gentle confident smile, clean fresh makeup, sunlit natural light, premium lifestyle photography, 35mm lens, shallow depth of field, editorial but realistic, warm coastal color palette, cream linen outfit, gold minimal earrings, relaxed elegant pose, fresh coconut drink on a beach table, Valentina smiling naturally, shallow depth of field, single person, same identity, consistent facial features, realistic hands when visible, no text, no watermark","low quality, blurry, overprocessed, plastic skin, uncanny, distorted face, asymmetrical eyes, bad anatomy, extra fingers, missing fingers, deformed hands, duplicate person, childlike, old age, harsh makeup, heavy filters, watermark, logo, text, signature, cropped head, extreme closeup, nsfw, nude, lingerie, celebrity lookalike",310520260011,6,2.0,euler,normal,512,768,2096dc47-972b-4741-8a81-4bfee48f15c7,valentina_sol_playa_011_00001_.png,dataset\valentina_sol\playa,output,images/generated/dataset/valentina_sol/playa/valentina_sol_playa_011_00001_.png,8.04,2026-05-31T22:34:29.095254+00:00,False,initial_sdxl_seed_dataset
valentina_sol_playa_012,Valentina Sol,playa,12,realvisxlV50_v50Bakedvae.safetensors,"photorealistic lifestyle portrait of Valentina Sol, virtual latina influencer, consistent face, oval face, warm olive skin, soft hazel eyes, thick natural dark brown wavy hair, defined brows, subtle beauty mark near left cheek, gentle confident smile, clean fresh makeup, sunlit natural light, premium lifestyle photography, 35mm lens, shallow depth of field, editorial but realistic, warm coastal color palette, cream linen outfit, gold minimal earrings, relaxed elegant pose, coastal promenade after sunrise, clean white outfit, palm shadows, editorial realism, single person, same identity, consistent facial features, realistic hands when visible, no text, no watermark","low quality, blurry, overprocessed, plastic skin, uncanny, distorted face, asymmetrical eyes, bad anatomy, extra fingers, missing fingers, deformed hands, duplicate person, childlike, old age, harsh makeup, heavy filters, watermark, logo, text, signature, cropped head, extreme closeup, nsfw, nude, lingerie, celebrity lookalike",310520260012,6,2.0,euler,normal,512,768,7a40b5cc-abe9-4d3e-aa89-be6c49c4fb4b,valentina_sol_playa_012_00001_.png,dataset\valentina_sol\playa,output,images/generated/dataset/valentina_sol/playa/valentina_sol_playa_012_00001_.png,8.05,2026-05-31T22:34:37.161455+00:00,False,initial_sdxl_seed_dataset
valentina_sol_playa_013,Valentina Sol,playa,13,realvisxlV50_v50Bakedvae.safetensors,"photorealistic lifestyle portrait of Valentina Sol, virtual latina influencer, consistent face, oval face, warm olive skin, soft hazel eyes, thick natural dark brown wavy hair, defined brows, subtle beauty mark near left cheek, gentle confident smile, clean fresh makeup, sunlit natural light, premium lifestyle photography, 35mm lens, shallow depth of field, editorial but realistic, warm coastal color palette, cream linen outfit, gold minimal earrings, relaxed elegant pose, sun hat in hand, ocean horizon, calm confident expression, lifestyle photography, single person, same identity, consistent facial features, realistic hands when visible, no text, no watermark","low quality, blurry, overprocessed, plastic skin, uncanny, distorted face, asymmetrical eyes, bad anatomy, extra fingers, missing fingers, deformed hands, duplicate person, childlike, old age, harsh makeup, heavy filters, watermark, logo, text, signature, cropped head, extreme closeup, nsfw, nude, lingerie, celebrity lookalike",310520260013,6,2.0,euler,normal,512,768,b9fd2574-0f10-4eb1-b778-e4d20d167e74,valentina_sol_playa_013_00001_.png,dataset\valentina_sol\playa,output,images/generated/dataset/valentina_sol/playa/valentina_sol_playa_013_00001_.png,8.028,2026-05-31T22:34:45.194163+00:00,False,initial_sdxl_seed_dataset
valentina_sol_playa_014,Valentina Sol,playa,14,realvisxlV50_v50Bakedvae.safetensors,"photorealistic lifestyle portrait of Valentina Sol, virtual latina influencer, consistent face, oval face, warm olive skin, soft hazel eyes, thick natural dark brown wavy hair, defined brows, subtle beauty mark near left cheek, gentle confident smile, clean fresh makeup, sunlit natural light, premium lifestyle photography, 35mm lens, shallow depth of field, editorial but realistic, warm coastal color palette, cream linen outfit, gold minimal earrings, relaxed elegant pose, soft side profile near rocks and waves, warm olive skin, realistic natural texture, single person, same identity, consistent facial features, realistic hands when visible, no text, no watermark","low quality, blurry, overprocessed, plastic skin, uncanny, distorted face, asymmetrical eyes, bad anatomy, extra fingers, missing fingers, deformed hands, duplicate person, childlike, old age, harsh makeup, heavy filters, watermark, logo, text, signature, cropped head, extreme closeup, nsfw, nude, lingerie, celebrity lookalike",310520260014,6,2.0,euler,normal,512,768,69b02404-eb19-4613-868f-c03620a950fc,valentina_sol_playa_014_00001_.png,dataset\valentina_sol\playa,output,images/generated/dataset/valentina_sol/playa/valentina_sol_playa_014_00001_.png,8.053,2026-05-31T22:34:53.264234+00:00,False,initial_sdxl_seed_dataset
valentina_sol_playa_015,Valentina Sol,playa,15,realvisxlV50_v50Bakedvae.safetensors,"photorealistic lifestyle portrait of Valentina Sol, virtual latina influencer, consistent face, oval face, warm olive skin, soft hazel eyes, thick natural dark brown wavy hair, defined brows, subtle beauty mark near left cheek, gentle confident smile, clean fresh makeup, sunlit natural light, premium lifestyle photography, 35mm lens, shallow depth of field, editorial but realistic, warm coastal color palette, cream linen outfit, gold minimal earrings, relaxed elegant pose, beach cafe terrace with ocean view, iced coffee, morning content creator routine, single person, same identity, consistent facial features, realistic hands when visible, no text, no watermark","low quality, blurry, overprocessed, plastic skin, uncanny, distorted face, asymmetrical eyes, bad anatomy, extra fingers, missing fingers, deformed hands, duplicate person, childlike, old age, harsh makeup, heavy filters, watermark, logo, text, signature, cropped head, extreme closeup, nsfw, nude, lingerie, celebrity lookalike",310520260015,6,2.0,euler,normal,512,768,dc81445f-f40c-404a-a09c-a6a200e61f84,valentina_sol_playa_015_00001_.png,dataset\valentina_sol\playa,output,images/generated/dataset/valentina_sol/playa/valentina_sol_playa_015_00001_.png,8.082,2026-05-31T22:35:01.354490+00:00,False,initial_sdxl_seed_dataset
valentina_sol_playa_016,Valentina Sol,playa,16,realvisxlV50_v50Bakedvae.safetensors,"photorealistic lifestyle portrait of Valentina Sol, virtual latina influencer, consistent face, oval face, warm olive skin, soft hazel eyes, thick natural dark brown wavy hair, defined brows, subtle beauty mark near left cheek, gentle confident smile, clean fresh makeup, sunlit natural light, premium lifestyle photography, 35mm lens, shallow depth of field, editorial but realistic, warm coastal color palette, cream linen outfit, gold minimal earrings, relaxed elegant pose, packing a small beach bag, sunscreen and towel visible, organized lifestyle scene, single person, same identity, consistent facial features, realistic hands when visible, no text, no watermark","low quality, blurry, overprocessed, plastic skin, uncanny, distorted face, asymmetrical eyes, bad anatomy, extra fingers, missing fingers, deformed hands, duplicate person, childlike, old age, harsh makeup, heavy filters, watermark, logo, text, signature, cropped head, extreme closeup, nsfw, nude, lingerie, celebrity lookalike",310520260016,6,2.0,euler,normal,512,768,51fcf2bc-ad3c-4493-858e-f9531a8ab79f,valentina_sol_playa_016_00001_.png,dataset\valentina_sol\playa,output,images/generated/dataset/valentina_sol/playa/valentina_sol_playa_016_00001_.png,8.214,2026-05-31T22:35:09.568486+00:00,False,initial_sdxl_seed_dataset
valentina_sol_playa_017,Valentina Sol,playa,17,realvisxlV50_v50Bakedvae.safetensors,"photorealistic lifestyle portrait of Valentina Sol, virtual latina influencer, consistent face, oval face, warm olive skin, soft hazel eyes, thick natural dark brown wavy hair, defined brows, subtle beauty mark near left cheek, gentle confident smile, clean fresh makeup, sunlit natural light, premium lifestyle photography, 35mm lens, shallow depth of field, editorial but realistic, warm coastal color palette, cream linen outfit, gold minimal earrings, relaxed elegant pose, stretching gently near the shoreline after a walk, relaxed wellness mood, single person, same identity, consistent facial features, realistic hands when visible, no text, no watermark","low quality, blurry, overprocessed, plastic skin, uncanny, distorted face, asymmetrical eyes, bad anatomy, extra fingers, missing fingers, deformed hands, duplicate person, childlike, old age, harsh makeup, heavy filters, watermark, logo, text, signature, cropped head, extreme closeup, nsfw, nude, lingerie, celebrity lookalike",310520260017,6,2.0,euler,normal,512,768,6ec9c4a6-3328-4f14-b3a6-9a45b4979808,valentina_sol_playa_017_00001_.png,dataset\valentina_sol\playa,output,images/generated/dataset/valentina_sol/playa/valentina_sol_playa_017_00001_.png,8.094,2026-05-31T22:35:17.674836+00:00,False,initial_sdxl_seed_dataset
valentina_sol_playa_018,Valentina Sol,playa,18,realvisxlV50_v50Bakedvae.safetensors,"photorealistic lifestyle portrait of Valentina Sol, virtual latina influencer, consistent face, oval face, warm olive skin, soft hazel eyes, thick natural dark brown wavy hair, defined brows, subtle beauty mark near left cheek, gentle confident smile, clean fresh makeup, sunlit natural light, premium lifestyle photography, 35mm lens, shallow depth of field, editorial but realistic, warm coastal color palette, cream linen outfit, gold minimal earrings, relaxed elegant pose, laughing candidly with wind movement, no other people, premium travel photo, single person, same identity, consistent facial features, realistic hands when visible, no text, no watermark","low quality, blurry, overprocessed, plastic skin, uncanny, distorted face, asymmetrical eyes, bad anatomy, extra fingers, missing fingers, deformed hands, duplicate person, childlike, old age, harsh makeup, heavy filters, watermark, logo, text, signature, cropped head, extreme closeup, nsfw, nude, lingerie, celebrity lookalike",310520260018,6,2.0,euler,normal,512,768,775be2f2-0860-487e-a2af-fff899440643,valentina_sol_playa_018_00001_.png,dataset\valentina_sol\playa,output,images/generated/dataset/valentina_sol/playa/valentina_sol_playa_018_00001_.png,8.068,2026-05-31T22:35:25.751672+00:00,False,initial_sdxl_seed_dataset
valentina_sol_playa_019,Valentina Sol,playa,19,realvisxlV50_v50Bakedvae.safetensors,"photorealistic lifestyle portrait of Valentina Sol, virtual latina influencer, consistent face, oval face, warm olive skin, soft hazel eyes, thick natural dark brown wavy hair, defined brows, subtle beauty mark near left cheek, gentle confident smile, clean fresh makeup, sunlit natural light, premium lifestyle photography, 35mm lens, shallow depth of field, editorial but realistic, warm coastal color palette, cream linen outfit, gold minimal earrings, relaxed elegant pose, sitting on driftwood near soft waves, pastel coastal tones, 35mm candid portrait, single person, same identity, consistent facial features, realistic hands when visible, no text, no watermark","low quality, blurry, overprocessed, plastic skin, uncanny, distorted face, asymmetrical eyes, bad anatomy, extra fingers, missing fingers, deformed hands, duplicate person, childlike, old age, harsh makeup, heavy filters, watermark, logo, text, signature, cropped head, extreme closeup, nsfw, nude, lingerie, celebrity lookalike",310520260019,6,2.0,euler,normal,512,768,2d343641-d768-4df6-ae42-bcf1b938a10a,valentina_sol_playa_019_00001_.png,dataset\valentina_sol\playa,output,images/generated/dataset/valentina_sol/playa/valentina_sol_playa_019_00001_.png,8.074,2026-05-31T22:35:33.828398+00:00,False,initial_sdxl_seed_dataset
valentina_sol_playa_020,Valentina Sol,playa,20,realvisxlV50_v50Bakedvae.safetensors,"photorealistic lifestyle portrait of Valentina Sol, virtual latina influencer, consistent face, oval face, warm olive skin, soft hazel eyes, thick natural dark brown wavy hair, defined brows, subtle beauty mark near left cheek, gentle confident smile, clean fresh makeup, sunlit natural light, premium lifestyle photography, 35mm lens, shallow depth of field, editorial but realistic, warm coastal color palette, cream linen outfit, gold minimal earrings, relaxed elegant pose, golden hour beach portrait with simple cream dress, elegant relaxed pose, single person, same identity, consistent facial features, realistic hands when visible, no text, no watermark","low quality, blurry, overprocessed, plastic skin, uncanny, distorted face, asymmetrical eyes, bad anatomy, extra fingers, missing fingers, deformed hands, duplicate person, childlike, old age, harsh makeup, heavy filters, watermark, logo, text, signature, cropped head, extreme closeup, nsfw, nude, lingerie, celebrity lookalike",310520260020,6,2.0,euler,normal,512,768,502ad5aa-514a-4b5b-9904-c688d32a4ae7,valentina_sol_playa_020_00001_.png,dataset\valentina_sol\playa,output,images/generated/dataset/valentina_sol/playa/valentina_sol_playa_020_00001_.png,8.287,2026-05-31T22:35:42.123487+00:00,False,initial_sdxl_seed_dataset
valentina_sol_cafeteria_001,Valentina Sol,cafeteria,1,realvisxlV50_v50Bakedvae.safetensors,"photorealistic lifestyle portrait of Valentina Sol, virtual latina influencer, consistent face, oval face, warm olive skin, soft hazel eyes, thick natural dark brown wavy hair, defined brows, subtle beauty mark near left cheek, gentle confident smile, clean fresh makeup, sunlit natural light, premium lifestyle photography, 35mm lens, shallow depth of field, editorial but realistic, warm coastal color palette, cream linen outfit, gold minimal earrings, relaxed elegant pose, sunlit cafe table, iced latte, laptop open, morning planning routine, single person, same identity, consistent facial features, realistic hands when visible, no text, no watermark","low quality, blurry, overprocessed, plastic skin, uncanny, distorted face, asymmetrical eyes, bad anatomy, extra fingers, missing fingers, deformed hands, duplicate person, childlike, old age, harsh makeup, heavy filters, watermark, logo, text, signature, cropped head, extreme closeup, nsfw, nude, lingerie, celebrity lookalike",310520261001,6,2.0,euler,normal,512,768,b6724049-bc52-4fc2-8ed8-7c26d2397b7e,valentina_sol_cafeteria_001_00001_.png,dataset\valentina_sol\cafeteria,output,images/generated/dataset/valentina_sol/cafeteria/valentina_sol_cafeteria_001_00001_.png,8.044,2026-05-31T22:35:50.173682+00:00,False,initial_sdxl_seed_dataset
valentina_sol_cafeteria_002,Valentina Sol,cafeteria,2,realvisxlV50_v50Bakedvae.safetensors,"photorealistic lifestyle portrait of Valentina Sol, virtual latina influencer, consistent face, oval face, warm olive skin, soft hazel eyes, thick natural dark brown wavy hair, defined brows, subtle beauty mark near left cheek, gentle confident smile, clean fresh makeup, sunlit natural light, premium lifestyle photography, 35mm lens, shallow depth of field, editorial but realistic, warm coastal color palette, cream linen outfit, gold minimal earrings, relaxed elegant pose, standing at a minimalist coffee bar, white blouse, warm wood interior, single person, same identity, consistent facial features, realistic hands when visible, no text, no watermark","low quality, blurry, overprocessed, plastic skin, uncanny, distorted face, asymmetrical eyes, bad anatomy, extra fingers, missing fingers, deformed hands, duplicate person, childlike, old age, harsh makeup, heavy filters, watermark, logo, text, signature, cropped head, extreme closeup, nsfw, nude, lingerie, celebrity lookalike",310520261002,6,2.0,euler,normal,512,768,ce7afea8-236b-4bd5-a88f-80fa896ba615,valentina_sol_cafeteria_002_00001_.png,dataset\valentina_sol\cafeteria,output,images/generated/dataset/valentina_sol/cafeteria/valentina_sol_cafeteria_002_00001_.png,8.334,2026-05-31T22:35:58.509576+00:00,False,initial_sdxl_seed_dataset
valentina_sol_cafeteria_003,Valentina Sol,cafeteria,3,realvisxlV50_v50Bakedvae.safetensors,"photorealistic lifestyle portrait of Valentina Sol, virtual latina influencer, consistent face, oval face, warm olive skin, soft hazel eyes, thick natural dark brown wavy hair, defined brows, subtle beauty mark near left cheek, gentle confident smile, clean fresh makeup, sunlit natural light, premium lifestyle photography, 35mm lens, shallow depth of field, editorial but realistic, warm coastal color palette, cream linen outfit, gold minimal earrings, relaxed elegant pose, reading notes in a small notebook beside cappuccino, cozy urban lifestyle, single person, same identity, consistent facial features, realistic hands when visible, no text, no watermark","low quality, blurry, overprocessed, plastic skin, uncanny, distorted face, asymmetrical eyes, bad anatomy, extra fingers, missing fingers, deformed hands, duplicate person, childlike, old age, harsh makeup, heavy filters, watermark, logo, text, signature, cropped head, extreme closeup, nsfw, nude, lingerie, celebrity lookalike",310520261003,6,2.0,euler,normal,512,768,4d74c6d9-97c9-4238-8efd-c177400d5473,valentina_sol_cafeteria_003_00001_.png,dataset\valentina_sol\cafeteria,output,images/generated/dataset/valentina_sol/cafeteria/valentina_sol_cafeteria_003_00001_.png,10.059,2026-05-31T22:36:08.575936+00:00,False,initial_sdxl_seed_dataset
valentina_sol_cafeteria_004,Valentina Sol,cafeteria,4,realvisxlV50_v50Bakedvae.safetensors,"photorealistic lifestyle portrait of Valentina Sol, virtual latina influencer, consistent face, oval face, warm olive skin, soft hazel eyes, thick natural dark brown wavy hair, defined brows, subtle beauty mark near left cheek, gentle confident smile, clean fresh makeup, sunlit natural light, premium lifestyle photography, 35mm lens, shallow depth of field, editorial but realistic, warm coastal color palette, cream linen outfit, gold minimal earrings, relaxed elegant pose, window seat portrait with soft daylight, plants behind her, calm smile, single person, same identity, consistent facial features, realistic hands when visible, no text, no watermark","low quality, blurry, overprocessed, plastic skin, uncanny, distorted face, asymmetrical eyes, bad anatomy, extra fingers, missing fingers, deformed hands, duplicate person, childlike, old age, harsh makeup, heavy filters, watermark, logo, text, signature, cropped head, extreme closeup, nsfw, nude, lingerie, celebrity lookalike",310520261004,6,2.0,euler,normal,512,768,55fc335d-d592-4ea2-a9e5-2b5838e8521f,valentina_sol_cafeteria_004_00001_.png,dataset\valentina_sol\cafeteria,output,images/generated/dataset/valentina_sol/cafeteria/valentina_sol_cafeteria_004_00001_.png,8.047,2026-05-31T22:36:16.629417+00:00,False,initial_sdxl_seed_dataset
valentina_sol_cafeteria_005,Valentina Sol,cafeteria,5,realvisxlV50_v50Bakedvae.safetensors,"photorealistic lifestyle portrait of Valentina Sol, virtual latina influencer, consistent face, oval face, warm olive skin, soft hazel eyes, thick natural dark brown wavy hair, defined brows, subtle beauty mark near left cheek, gentle confident smile, clean fresh makeup, sunlit natural light, premium lifestyle photography, 35mm lens, shallow depth of field, editorial but realistic, warm coastal color palette, cream linen outfit, gold minimal earrings, relaxed elegant pose, holding a ceramic mug with both hands, natural makeup, intimate editorial photo, single person, same identity, consistent facial features, realistic hands when visible, no text, no watermark","low quality, blurry, overprocessed, plastic skin, uncanny, distorted face, asymmetrical eyes, bad anatomy, extra fingers, missing fingers, deformed hands, duplicate person, childlike, old age, harsh makeup, heavy filters, watermark, logo, text, signature, cropped head, extreme closeup, nsfw, nude, lingerie, celebrity lookalike",310520261005,6,2.0,euler,normal,512,768,657928e8-ed3f-411e-a06f-0bd7accdf168,valentina_sol_cafeteria_005_00001_.png,dataset\valentina_sol\cafeteria,output,images/generated/dataset/valentina_sol/cafeteria/valentina_sol_cafeteria_005_00001_.png,10.067,2026-05-31T22:36:26.702330+00:00,False,initial_sdxl_seed_dataset
valentina_sol_cafeteria_006,Valentina Sol,cafeteria,6,realvisxlV50_v50Bakedvae.safetensors,"photorealistic lifestyle portrait of Valentina Sol, virtual latina influencer, consistent face, oval face, warm olive skin, soft hazel eyes, thick natural dark brown wavy hair, defined brows, subtle beauty mark near left cheek, gentle confident smile, clean fresh makeup, sunlit natural light, premium lifestyle photography, 35mm lens, shallow depth of field, editorial but realistic, warm coastal color palette, cream linen outfit, gold minimal earrings, relaxed elegant pose, typing content ideas on a laptop in a bright cafe, focused but friendly mood, single person, same identity, consistent facial features, realistic hands when visible, no text, no watermark","low quality, blurry, overprocessed, plastic skin, uncanny, distorted face, asymmetrical eyes, bad anatomy, extra fingers, missing fingers, deformed hands, duplicate person, childlike, old age, harsh makeup, heavy filters, watermark, logo, text, signature, cropped head, extreme closeup, nsfw, nude, lingerie, celebrity lookalike",310520261006,6,2.0,euler,normal,512,768,ba65a65e-021c-4060-9eb6-dc1d4fa978f1,valentina_sol_cafeteria_006_00001_.png,dataset\valentina_sol\cafeteria,output,images/generated/dataset/valentina_sol/cafeteria/valentina_sol_cafeteria_006_00001_.png,10.041,2026-05-31T22:36:36.748770+00:00,False,initial_sdxl_seed_dataset
valentina_sol_cafeteria_007,Valentina Sol,cafeteria,7,realvisxlV50_v50Bakedvae.safetensors,"photorealistic lifestyle portrait of Valentina Sol, virtual latina influencer, consistent face, oval face, warm olive skin, soft hazel eyes, thick natural dark brown wavy hair, defined brows, subtle beauty mark near left cheek, gentle confident smile, clean fresh makeup, sunlit natural light, premium lifestyle photography, 35mm lens, shallow depth of field, editorial but realistic, warm coastal color palette, cream linen outfit, gold minimal earrings, relaxed elegant pose, flat white and croissant on table, Valentina leaning slightly forward, candid realism, single person, same identity, consistent facial features, realistic hands when visible, no text, no watermark","low quality, blurry, overprocessed, plastic skin, uncanny, distorted face, asymmetrical eyes, bad anatomy, extra fingers, missing fingers, deformed hands, duplicate person, childlike, old age, harsh makeup, heavy filters, watermark, logo, text, signature, cropped head, extreme closeup, nsfw, nude, lingerie, celebrity lookalike",310520261007,6,2.0,euler,normal,512,768,50a25e76-e80e-43aa-bf9d-9341385d96d6,valentina_sol_cafeteria_007_00001_.png,dataset\valentina_sol\cafeteria,output,images/generated/dataset/valentina_sol/cafeteria/valentina_sol_cafeteria_007_00001_.png,8.029,2026-05-31T22:36:44.785782+00:00,False,initial_sdxl_seed_dataset
valentina_sol_cafeteria_008,Valentina Sol,cafeteria,8,realvisxlV50_v50Bakedvae.safetensors,"photorealistic lifestyle portrait of Valentina Sol, virtual latina influencer, consistent face, oval face, warm olive skin, soft hazel eyes, thick natural dark brown wavy hair, defined brows, subtle beauty mark near left cheek, gentle confident smile, clean fresh makeup, sunlit natural light, premium lifestyle photography, 35mm lens, shallow depth of field, editorial but realistic, warm coastal color palette, cream linen outfit, gold minimal earrings, relaxed elegant pose, ordering coffee at a modern cafe counter, clean neutral outfit, premium everyday style, single person, same identity, consistent facial features, realistic hands when visible, no text, no watermark","low quality, blurry, overprocessed, plastic skin, uncanny, distorted face, asymmetrical eyes, bad anatomy, extra fingers, missing fingers, deformed hands, duplicate person, childlike, old age, harsh makeup, heavy filters, watermark, logo, text, signature, cropped head, extreme closeup, nsfw, nude, lingerie, celebrity lookalike",310520261008,6,2.0,euler,normal,512,768,45d73c81-15d3-4e52-806f-dd5de5718ad1,valentina_sol_cafeteria_008_00001_.png,dataset\valentina_sol\cafeteria,output,images/generated/dataset/valentina_sol/cafeteria/valentina_sol_cafeteria_008_00001_.png,8.067,2026-05-31T22:36:52.859453+00:00,False,initial_sdxl_seed_dataset
valentina_sol_cafeteria_009,Valentina Sol,cafeteria,9,realvisxlV50_v50Bakedvae.safetensors,"photorealistic lifestyle portrait of Valentina Sol, virtual latina influencer, consistent face, oval face, warm olive skin, soft hazel eyes, thick natural dark brown wavy hair, defined brows, subtle beauty mark near left cheek, gentle confident smile, clean fresh makeup, sunlit natural light, premium lifestyle photography, 35mm lens, shallow depth of field, editorial but realistic, warm coastal color palette, cream linen outfit, gold minimal earrings, relaxed elegant pose, small balcony cafe with morning light, coral scarf accent, travel city feel, single person, same identity, consistent facial features, realistic hands when visible, no text, no watermark","low quality, blurry, overprocessed, plastic skin, uncanny, distorted face, asymmetrical eyes, bad anatomy, extra fingers, missing fingers, deformed hands, duplicate person, childlike, old age, harsh makeup, heavy filters, watermark, logo, text, signature, cropped head, extreme closeup, nsfw, nude, lingerie, celebrity lookalike",310520261009,6,2.0,euler,normal,512,768,4710a1a2-0ff5-41f8-bb94-a7ec47cb19d4,valentina_sol_cafeteria_009_00001_.png,dataset\valentina_sol\cafeteria,output,images/generated/dataset/valentina_sol/cafeteria/valentina_sol_cafeteria_009_00001_.png,8.045,2026-05-31T22:37:00.909727+00:00,False,initial_sdxl_seed_dataset
valentina_sol_cafeteria_010,Valentina Sol,cafeteria,10,realvisxlV50_v50Bakedvae.safetensors,"photorealistic lifestyle portrait of Valentina Sol, virtual latina influencer, consistent face, oval face, warm olive skin, soft hazel eyes, thick natural dark brown wavy hair, defined brows, subtle beauty mark near left cheek, gentle confident smile, clean fresh makeup, sunlit natural light, premium lifestyle photography, 35mm lens, shallow depth of field, editorial but realistic, warm coastal color palette, cream linen outfit, gold minimal earrings, relaxed elegant pose, checking phone analytics with coffee beside her, content creator workflow, single person, same identity, consistent facial features, realistic hands when visible, no text, no watermark","low quality, blurry, overprocessed, plastic skin, uncanny, distorted face, asymmetrical eyes, bad anatomy, extra fingers, missing fingers, deformed hands, duplicate person, childlike, old age, harsh makeup, heavy filters, watermark, logo, text, signature, cropped head, extreme closeup, nsfw, nude, lingerie, celebrity lookalike",310520261010,6,2.0,euler,normal,512,768,2c3d4c84-0733-4e01-9544-cd6a0d9aade7,valentina_sol_cafeteria_010_00001_.png,dataset\valentina_sol\cafeteria,output,images/generated/dataset/valentina_sol/cafeteria/valentina_sol_cafeteria_010_00001_.png,8.34,2026-05-31T22:37:09.249936+00:00,False,initial_sdxl_seed_dataset
valentina_sol_cafeteria_011,Valentina Sol,cafeteria,11,realvisxlV50_v50Bakedvae.safetensors,"photorealistic lifestyle portrait of Valentina Sol, virtual latina influencer, consistent face, oval face, warm olive skin, soft hazel eyes, thick natural dark brown wavy hair, defined brows, subtle beauty mark near left cheek, gentle confident smile, clean fresh makeup, sunlit natural light, premium lifestyle photography, 35mm lens, shallow depth of field, editorial but realistic, warm coastal color palette, cream linen outfit, gold minimal earrings, relaxed elegant pose, laughing softly while looking off camera, blurred cafe shelves, warm bokeh, single person, same identity, consistent facial features, realistic hands when visible, no text, no watermark","low quality, blurry, overprocessed, plastic skin, uncanny, distorted face, asymmetrical eyes, bad anatomy, extra fingers, missing fingers, deformed hands, duplicate person, childlike, old age, harsh makeup, heavy filters, watermark, logo, text, signature, cropped head, extreme closeup, nsfw, nude, lingerie, celebrity lookalike",310520261011,6,2.0,euler,normal,512,768,9721df59-ce78-4ec8-944c-b180e75c7f69,valentina_sol_cafeteria_011_00001_.png,dataset\valentina_sol\cafeteria,output,images/generated/dataset/valentina_sol/cafeteria/valentina_sol_cafeteria_011_00001_.png,8.065,2026-05-31T22:37:17.326615+00:00,False,initial_sdxl_seed_dataset
valentina_sol_cafeteria_012,Valentina Sol,cafeteria,12,realvisxlV50_v50Bakedvae.safetensors,"photorealistic lifestyle portrait of Valentina Sol, virtual latina influencer, consistent face, oval face, warm olive skin, soft hazel eyes, thick natural dark brown wavy hair, defined brows, subtle beauty mark near left cheek, gentle confident smile, clean fresh makeup, sunlit natural light, premium lifestyle photography, 35mm lens, shallow depth of field, editorial but realistic, warm coastal color palette, cream linen outfit, gold minimal earrings, relaxed elegant pose, writing a caption in a notebook, gold pen, organized creative routine, single person, same identity, consistent facial features, realistic hands when visible, no text, no watermark","low quality, blurry, overprocessed, plastic skin, uncanny, distorted face, asymmetrical eyes, bad anatomy, extra fingers, missing fingers, deformed hands, duplicate person, childlike, old age, harsh makeup, heavy filters, watermark, logo, text, signature, cropped head, extreme closeup, nsfw, nude, lingerie, celebrity lookalike",310520261012,6,2.0,euler,normal,512,768,a2411088-4776-4b96-bb83-5645642927c2,valentina_sol_cafeteria_012_00001_.png,dataset\valentina_sol\cafeteria,output,images/generated/dataset/valentina_sol/cafeteria/valentina_sol_cafeteria_012_00001_.png,8.134,2026-05-31T22:37:25.465063+00:00,False,initial_sdxl_seed_dataset
valentina_sol_cafeteria_013,Valentina Sol,cafeteria,13,realvisxlV50_v50Bakedvae.safetensors,"photorealistic lifestyle portrait of Valentina Sol, virtual latina influencer, consistent face, oval face, warm olive skin, soft hazel eyes, thick natural dark brown wavy hair, defined brows, subtle beauty mark near left cheek, gentle confident smile, clean fresh makeup, sunlit natural light, premium lifestyle photography, 35mm lens, shallow depth of field, editorial but realistic, warm coastal color palette, cream linen outfit, gold minimal earrings, relaxed elegant pose, portrait through cafe window reflection, cinematic but realistic, no logo text, single person, same identity, consistent facial features, realistic hands when visible, no text, no watermark","low quality, blurry, overprocessed, plastic skin, uncanny, distorted face, asymmetrical eyes, bad anatomy, extra fingers, missing fingers, deformed hands, duplicate person, childlike, old age, harsh makeup, heavy filters, watermark, logo, text, signature, cropped head, extreme closeup, nsfw, nude, lingerie, celebrity lookalike",310520261013,6,2.0,euler,normal,512,768,5a60e536-2e43-4e46-8c42-fcbb29cfc3a9,valentina_sol_cafeteria_013_00001_.png,dataset\valentina_sol\cafeteria,output,images/generated/dataset/valentina_sol/cafeteria/valentina_sol_cafeteria_013_00001_.png,8.032,2026-05-31T22:37:33.503275+00:00,False,initial_sdxl_seed_dataset
valentina_sol_cafeteria_014,Valentina Sol,cafeteria,14,realvisxlV50_v50Bakedvae.safetensors,"photorealistic lifestyle portrait of Valentina Sol, virtual latina influencer, consistent face, oval face, warm olive skin, soft hazel eyes, thick natural dark brown wavy hair, defined brows, subtle beauty mark near left cheek, gentle confident smile, clean fresh makeup, sunlit natural light, premium lifestyle photography, 35mm lens, shallow depth of field, editorial but realistic, warm coastal color palette, cream linen outfit, gold minimal earrings, relaxed elegant pose, sitting near a tiled wall, linen blazer, subtle confident smile, single person, same identity, consistent facial features, realistic hands when visible, no text, no watermark","low quality, blurry, overprocessed, plastic skin, uncanny, distorted face, asymmetrical eyes, bad anatomy, extra fingers, missing fingers, deformed hands, duplicate person, childlike, old age, harsh makeup, heavy filters, watermark, logo, text, signature, cropped head, extreme closeup, nsfw, nude, lingerie, celebrity lookalike",310520261014,6,2.0,euler,normal,512,768,29bc0542-acdf-4ad5-90f6-2cac60cb6bae,valentina_sol_cafeteria_014_00001_.png,dataset\valentina_sol\cafeteria,output,images/generated/dataset/valentina_sol/cafeteria/valentina_sol_cafeteria_014_00001_.png,8.181,2026-05-31T22:37:41.692032+00:00,False,initial_sdxl_seed_dataset
valentina_sol_cafeteria_015,Valentina Sol,cafeteria,15,realvisxlV50_v50Bakedvae.safetensors,"photorealistic lifestyle portrait of Valentina Sol, virtual latina influencer, consistent face, oval face, warm olive skin, soft hazel eyes, thick natural dark brown wavy hair, defined brows, subtle beauty mark near left cheek, gentle confident smile, clean fresh makeup, sunlit natural light, premium lifestyle photography, 35mm lens, shallow depth of field, editorial but realistic, warm coastal color palette, cream linen outfit, gold minimal earrings, relaxed elegant pose, pour-over coffee setup on table, Valentina observing calmly, sensory detail, single person, same identity, consistent facial features, realistic hands when visible, no text, no watermark","low quality, blurry, overprocessed, plastic skin, uncanny, distorted face, asymmetrical eyes, bad anatomy, extra fingers, missing fingers, deformed hands, duplicate person, childlike, old age, harsh makeup, heavy filters, watermark, logo, text, signature, cropped head, extreme closeup, nsfw, nude, lingerie, celebrity lookalike",310520261015,6,2.0,euler,normal,512,768,a47c4f15-e4b0-45d0-bdd8-e6a534af9bbc,valentina_sol_cafeteria_015_00001_.png,dataset\valentina_sol\cafeteria,output,images/generated/dataset/valentina_sol/cafeteria/valentina_sol_cafeteria_015_00001_.png,10.038,2026-05-31T22:37:51.735160+00:00,False,initial_sdxl_seed_dataset
valentina_sol_cafeteria_016,Valentina Sol,cafeteria,16,realvisxlV50_v50Bakedvae.safetensors,"photorealistic lifestyle portrait of Valentina Sol, virtual latina influencer, consistent face, oval face, warm olive skin, soft hazel eyes, thick natural dark brown wavy hair, defined brows, subtle beauty mark near left cheek, gentle confident smile, clean fresh makeup, sunlit natural light, premium lifestyle photography, 35mm lens, shallow depth of field, editorial but realistic, warm coastal color palette, cream linen outfit, gold minimal earrings, relaxed elegant pose, coffee shop corner with soft green plants, cream knit top, relaxed elegance, single person, same identity, consistent facial features, realistic hands when visible, no text, no watermark","low quality, blurry, overprocessed, plastic skin, uncanny, distorted face, asymmetrical eyes, bad anatomy, extra fingers, missing fingers, deformed hands, duplicate person, childlike, old age, harsh makeup, heavy filters, watermark, logo, text, signature, cropped head, extreme closeup, nsfw, nude, lingerie, celebrity lookalike",310520261016,6,2.0,euler,normal,512,768,efba149a-4522-4511-9dfa-3c4ebfe07c77,valentina_sol_cafeteria_016_00001_.png,dataset\valentina_sol\cafeteria,output,images/generated/dataset/valentina_sol/cafeteria/valentina_sol_cafeteria_016_00001_.png,10.089,2026-05-31T22:38:01.832178+00:00,False,initial_sdxl_seed_dataset
valentina_sol_cafeteria_017,Valentina Sol,cafeteria,17,realvisxlV50_v50Bakedvae.safetensors,"photorealistic lifestyle portrait of Valentina Sol, virtual latina influencer, consistent face, oval face, warm olive skin, soft hazel eyes, thick natural dark brown wavy hair, defined brows, subtle beauty mark near left cheek, gentle confident smile, clean fresh makeup, sunlit natural light, premium lifestyle photography, 35mm lens, shallow depth of field, editorial but realistic, warm coastal color palette, cream linen outfit, gold minimal earrings, relaxed elegant pose, morning cafe selfie-style portrait, realistic phone angle, polished but natural, single person, same identity, consistent facial features, realistic hands when visible, no text, no watermark","low quality, blurry, overprocessed, plastic skin, uncanny, distorted face, asymmetrical eyes, bad anatomy, extra fingers, missing fingers, deformed hands, duplicate person, childlike, old age, harsh makeup, heavy filters, watermark, logo, text, signature, cropped head, extreme closeup, nsfw, nude, lingerie, celebrity lookalike",310520261017,6,2.0,euler,normal,512,768,21ec60c5-2260-4dc5-8a8a-f81d2ec1caee,valentina_sol_cafeteria_017_00001_.png,dataset\valentina_sol\cafeteria,output,images/generated/dataset/valentina_sol/cafeteria/valentina_sol_cafeteria_017_00001_.png,8.079,2026-05-31T22:38:09.918369+00:00,False,initial_sdxl_seed_dataset
valentina_sol_cafeteria_018,Valentina Sol,cafeteria,18,realvisxlV50_v50Bakedvae.safetensors,"photorealistic lifestyle portrait of Valentina Sol, virtual latina influencer, consistent face, oval face, warm olive skin, soft hazel eyes, thick natural dark brown wavy hair, defined brows, subtle beauty mark near left cheek, gentle confident smile, clean fresh makeup, sunlit natural light, premium lifestyle photography, 35mm lens, shallow depth of field, editorial but realistic, warm coastal color palette, cream linen outfit, gold minimal earrings, relaxed elegant pose, standing outside a cafe doorway, city morning light, minimal signage without readable text, single person, same identity, consistent facial features, realistic hands when visible, no text, no watermark","low quality, blurry, overprocessed, plastic skin, uncanny, distorted face, asymmetrical eyes, bad anatomy, extra fingers, missing fingers, deformed hands, duplicate person, childlike, old age, harsh makeup, heavy filters, watermark, logo, text, signature, cropped head, extreme closeup, nsfw, nude, lingerie, celebrity lookalike",310520261018,6,2.0,euler,normal,512,768,99a66a3c-e3b0-414b-8e8d-db2acaa41c22,valentina_sol_cafeteria_018_00001_.png,dataset\valentina_sol\cafeteria,output,images/generated/dataset/valentina_sol/cafeteria/valentina_sol_cafeteria_018_00001_.png,8.085,2026-05-31T22:38:18.010608+00:00,False,initial_sdxl_seed_dataset
valentina_sol_cafeteria_019,Valentina Sol,cafeteria,19,realvisxlV50_v50Bakedvae.safetensors,"photorealistic lifestyle portrait of Valentina Sol, virtual latina influencer, consistent face, oval face, warm olive skin, soft hazel eyes, thick natural dark brown wavy hair, defined brows, subtle beauty mark near left cheek, gentle confident smile, clean fresh makeup, sunlit natural light, premium lifestyle photography, 35mm lens, shallow depth of field, editorial but realistic, warm coastal color palette, cream linen outfit, gold minimal earrings, relaxed elegant pose, planning weekly content calendar on tablet, coffee and flowers on table, single person, same identity, consistent facial features, realistic hands when visible, no text, no watermark","low quality, blurry, overprocessed, plastic skin, uncanny, distorted face, asymmetrical eyes, bad anatomy, extra fingers, missing fingers, deformed hands, duplicate person, childlike, old age, harsh makeup, heavy filters, watermark, logo, text, signature, cropped head, extreme closeup, nsfw, nude, lingerie, celebrity lookalike",310520261019,6,2.0,euler,normal,512,768,9146f29e-5e3d-4776-ae69-50964f05b8b4,valentina_sol_cafeteria_019_00001_.png,dataset\valentina_sol\cafeteria,output,images/generated/dataset/valentina_sol/cafeteria/valentina_sol_cafeteria_019_00001_.png,8.07,2026-05-31T22:38:26.090907+00:00,False,initial_sdxl_seed_dataset
valentina_sol_cafeteria_020,Valentina Sol,cafeteria,20,realvisxlV50_v50Bakedvae.safetensors,"photorealistic lifestyle portrait of Valentina Sol, virtual latina influencer, consistent face, oval face, warm olive skin, soft hazel eyes, thick natural dark brown wavy hair, defined brows, subtle beauty mark near left cheek, gentle confident smile, clean fresh makeup, sunlit natural light, premium lifestyle photography, 35mm lens, shallow depth of field, editorial but realistic, warm coastal color palette, cream linen outfit, gold minimal earrings, relaxed elegant pose, warm cafe portrait with shallow depth of field, approachable lifestyle influencer mood, single person, same identity, consistent facial features, realistic hands when visible, no text, no watermark","low quality, blurry, overprocessed, plastic skin, uncanny, distorted face, asymmetrical eyes, bad anatomy, extra fingers, missing fingers, deformed hands, duplicate person, childlike, old age, harsh makeup, heavy filters, watermark, logo, text, signature, cropped head, extreme closeup, nsfw, nude, lingerie, celebrity lookalike",310520261020,6,2.0,euler,normal,512,768,234148c0-664b-46b3-b5ab-31d9b9febb34,valentina_sol_cafeteria_020_00001_.png,dataset\valentina_sol\cafeteria,output,images/generated/dataset/valentina_sol/cafeteria/valentina_sol_cafeteria_020_00001_.png,8.294,2026-05-31T22:38:34.393868+00:00,False,initial_sdxl_seed_dataset
valentina_sol_gym_001,Valentina Sol,gym,1,realvisxlV50_v50Bakedvae.safetensors,"photorealistic lifestyle portrait of Valentina Sol, virtual latina influencer, consistent face, oval face, warm olive skin, soft hazel eyes, thick natural dark brown wavy hair, defined brows, subtle beauty mark near left cheek, gentle confident smile, clean fresh makeup, sunlit natural light, premium lifestyle photography, 35mm lens, shallow depth of field, editorial but realistic, warm coastal color palette, cream linen outfit, gold minimal earrings, relaxed elegant pose, bright boutique gym, clean athleisure, holding towel and water bottle after workout, single person, same identity, consistent facial features, realistic hands when visible, no text, no watermark","low quality, blurry, overprocessed, plastic skin, uncanny, distorted face, asymmetrical eyes, bad anatomy, extra fingers, missing fingers, deformed hands, duplicate person, childlike, old age, harsh makeup, heavy filters, watermark, logo, text, signature, cropped head, extreme closeup, nsfw, nude, lingerie, celebrity lookalike",310520262001,6,2.0,euler,normal,512,768,68884490-ed31-4e58-811d-38feee30d702,valentina_sol_gym_001_00001_.png,dataset\valentina_sol\gym,output,images/generated/dataset/valentina_sol/gym/valentina_sol_gym_001_00001_.png,8.029,2026-05-31T22:38:42.429464+00:00,False,initial_sdxl_seed_dataset
valentina_sol_gym_002,Valentina Sol,gym,2,realvisxlV50_v50Bakedvae.safetensors,"photorealistic lifestyle portrait of Valentina Sol, virtual latina influencer, consistent face, oval face, warm olive skin, soft hazel eyes, thick natural dark brown wavy hair, defined brows, subtle beauty mark near left cheek, gentle confident smile, clean fresh makeup, sunlit natural light, premium lifestyle photography, 35mm lens, shallow depth of field, editorial but realistic, warm coastal color palette, cream linen outfit, gold minimal earrings, relaxed elegant pose, mirror-free gym portrait, olive leggings and white top, healthy confident pose, single person, same identity, consistent facial features, realistic hands when visible, no text, no watermark","low quality, blurry, overprocessed, plastic skin, uncanny, distorted face, asymmetrical eyes, bad anatomy, extra fingers, missing fingers, deformed hands, duplicate person, childlike, old age, harsh makeup, heavy filters, watermark, logo, text, signature, cropped head, extreme closeup, nsfw, nude, lingerie, celebrity lookalike",310520262002,6,2.0,euler,normal,512,768,c60fa63a-d9fe-4887-aa3a-a3ebee48523c,valentina_sol_gym_002_00001_.png,dataset\valentina_sol\gym,output,images/generated/dataset/valentina_sol/gym/valentina_sol_gym_002_00001_.png,8.088,2026-05-31T22:38:50.525042+00:00,False,initial_sdxl_seed_dataset
valentina_sol_gym_003,Valentina Sol,gym,3,realvisxlV50_v50Bakedvae.safetensors,"photorealistic lifestyle portrait of Valentina Sol, virtual latina influencer, consistent face, oval face, warm olive skin, soft hazel eyes, thick natural dark brown wavy hair, defined brows, subtle beauty mark near left cheek, gentle confident smile, clean fresh makeup, sunlit natural light, premium lifestyle photography, 35mm lens, shallow depth of field, editorial but realistic, warm coastal color palette, cream linen outfit, gold minimal earrings, relaxed elegant pose, stretching on a mat in soft morning light, realistic wellness lifestyle, single person, same identity, consistent facial features, realistic hands when visible, no text, no watermark","low quality, blurry, overprocessed, plastic skin, uncanny, distorted face, asymmetrical eyes, bad anatomy, extra fingers, missing fingers, deformed hands, duplicate person, childlike, old age, harsh makeup, heavy filters, watermark, logo, text, signature, cropped head, extreme closeup, nsfw, nude, lingerie, celebrity lookalike",310520262003,6,2.0,euler,normal,512,768,52ccc4e5-388d-49e9-bddc-ebffde151612,valentina_sol_gym_003_00001_.png,dataset\valentina_sol\gym,output,images/generated/dataset/valentina_sol/gym/valentina_sol_gym_003_00001_.png,8.07,2026-05-31T22:38:58.602349+00:00,False,initial_sdxl_seed_dataset
valentina_sol_gym_004,Valentina Sol,gym,4,realvisxlV50_v50Bakedvae.safetensors,"photorealistic lifestyle portrait of Valentina Sol, virtual latina influencer, consistent face, oval face, warm olive skin, soft hazel eyes, thick natural dark brown wavy hair, defined brows, subtle beauty mark near left cheek, gentle confident smile, clean fresh makeup, sunlit natural light, premium lifestyle photography, 35mm lens, shallow depth of field, editorial but realistic, warm coastal color palette, cream linen outfit, gold minimal earrings, relaxed elegant pose, tying sneakers before a workout, close lifestyle detail, natural face visible, single person, same identity, consistent facial features, realistic hands when visible, no text, no watermark","low quality, blurry, overprocessed, plastic skin, uncanny, distorted face, asymmetrical eyes, bad anatomy, extra fingers, missing fingers, deformed hands, duplicate person, childlike, old age, harsh makeup, heavy filters, watermark, logo, text, signature, cropped head, extreme closeup, nsfw, nude, lingerie, celebrity lookalike",310520262004,6,2.0,euler,normal,512,768,0ddd57c5-cf54-480b-b604-19e2f2118468,valentina_sol_gym_004_00001_.png,dataset\valentina_sol\gym,output,images/generated/dataset/valentina_sol/gym/valentina_sol_gym_004_00001_.png,8.307,2026-05-31T22:39:06.916930+00:00,False,initial_sdxl_seed_dataset
valentina_sol_gym_005,Valentina Sol,gym,5,realvisxlV50_v50Bakedvae.safetensors,"photorealistic lifestyle portrait of Valentina Sol, virtual latina influencer, consistent face, oval face, warm olive skin, soft hazel eyes, thick natural dark brown wavy hair, defined brows, subtle beauty mark near left cheek, gentle confident smile, clean fresh makeup, sunlit natural light, premium lifestyle photography, 35mm lens, shallow depth of field, editorial but realistic, warm coastal color palette, cream linen outfit, gold minimal earrings, relaxed elegant pose, standing near dumbbell rack, no heavy lifting, calm focused expression, single person, same identity, consistent facial features, realistic hands when visible, no text, no watermark","low quality, blurry, overprocessed, plastic skin, uncanny, distorted face, asymmetrical eyes, bad anatomy, extra fingers, missing fingers, deformed hands, duplicate person, childlike, old age, harsh makeup, heavy filters, watermark, logo, text, signature, cropped head, extreme closeup, nsfw, nude, lingerie, celebrity lookalike",310520262005,6,2.0,euler,normal,512,768,f8f2d3ff-01d3-435a-af4f-195901a7d976,valentina_sol_gym_005_00001_.png,dataset\valentina_sol\gym,output,images/generated/dataset/valentina_sol/gym/valentina_sol_gym_005_00001_.png,10.038,2026-05-31T22:39:16.965244+00:00,False,initial_sdxl_seed_dataset
valentina_sol_gym_006,Valentina Sol,gym,6,realvisxlV50_v50Bakedvae.safetensors,"photorealistic lifestyle portrait of Valentina Sol, virtual latina influencer, consistent face, oval face, warm olive skin, soft hazel eyes, thick natural dark brown wavy hair, defined brows, subtle beauty mark near left cheek, gentle confident smile, clean fresh makeup, sunlit natural light, premium lifestyle photography, 35mm lens, shallow depth of field, editorial but realistic, warm coastal color palette, cream linen outfit, gold minimal earrings, relaxed elegant pose, post-workout smoothie in hand, minimal gym lounge, fresh natural makeup, single person, same identity, consistent facial features, realistic hands when visible, no text, no watermark","low quality, blurry, overprocessed, plastic skin, uncanny, distorted face, asymmetrical eyes, bad anatomy, extra fingers, missing fingers, deformed hands, duplicate person, childlike, old age, harsh makeup, heavy filters, watermark, logo, text, signature, cropped head, extreme closeup, nsfw, nude, lingerie, celebrity lookalike",310520262006,6,2.0,euler,normal,512,768,6f7efb9f-ea26-4b65-aded-a01f3fd5e701,valentina_sol_gym_006_00001_.png,dataset\valentina_sol\gym,output,images/generated/dataset/valentina_sol/gym/valentina_sol_gym_006_00001_.png,8.045,2026-05-31T22:39:25.018570+00:00,False,initial_sdxl_seed_dataset
valentina_sol_gym_007,Valentina Sol,gym,7,realvisxlV50_v50Bakedvae.safetensors,"photorealistic lifestyle portrait of Valentina Sol, virtual latina influencer, consistent face, oval face, warm olive skin, soft hazel eyes, thick natural dark brown wavy hair, defined brows, subtle beauty mark near left cheek, gentle confident smile, clean fresh makeup, sunlit natural light, premium lifestyle photography, 35mm lens, shallow depth of field, editorial but realistic, warm coastal color palette, cream linen outfit, gold minimal earrings, relaxed elegant pose, using resistance band in a clean studio, elegant athletic posture, single person, same identity, consistent facial features, realistic hands when visible, no text, no watermark","low quality, blurry, overprocessed, plastic skin, uncanny, distorted face, asymmetrical eyes, bad anatomy, extra fingers, missing fingers, deformed hands, duplicate person, childlike, old age, harsh makeup, heavy filters, watermark, logo, text, signature, cropped head, extreme closeup, nsfw, nude, lingerie, celebrity lookalike",310520262007,6,2.0,euler,normal,512,768,c3e334e0-b754-47a5-afbf-e067535ff6fa,valentina_sol_gym_007_00001_.png,dataset\valentina_sol\gym,output,images/generated/dataset/valentina_sol/gym/valentina_sol_gym_007_00001_.png,8.073,2026-05-31T22:39:33.099087+00:00,False,initial_sdxl_seed_dataset
valentina_sol_gym_008,Valentina Sol,gym,8,realvisxlV50_v50Bakedvae.safetensors,"photorealistic lifestyle portrait of Valentina Sol, virtual latina influencer, consistent face, oval face, warm olive skin, soft hazel eyes, thick natural dark brown wavy hair, defined brows, subtle beauty mark near left cheek, gentle confident smile, clean fresh makeup, sunlit natural light, premium lifestyle photography, 35mm lens, shallow depth of field, editorial but realistic, warm coastal color palette, cream linen outfit, gold minimal earrings, relaxed elegant pose, walking on treadmill area, side portrait, premium fitness content aesthetic, single person, same identity, consistent facial features, realistic hands when visible, no text, no watermark","low quality, blurry, overprocessed, plastic skin, uncanny, distorted face, asymmetrical eyes, bad anatomy, extra fingers, missing fingers, deformed hands, duplicate person, childlike, old age, harsh makeup, heavy filters, watermark, logo, text, signature, cropped head, extreme closeup, nsfw, nude, lingerie, celebrity lookalike",310520262008,6,2.0,euler,normal,512,768,abe993e0-a9de-4645-bd9f-73cc6e7a2c1f,valentina_sol_gym_008_00001_.png,dataset\valentina_sol\gym,output,images/generated/dataset/valentina_sol/gym/valentina_sol_gym_008_00001_.png,8.088,2026-05-31T22:39:41.198017+00:00,False,initial_sdxl_seed_dataset
valentina_sol_gym_009,Valentina Sol,gym,9,realvisxlV50_v50Bakedvae.safetensors,"photorealistic lifestyle portrait of Valentina Sol, virtual latina influencer, consistent face, oval face, warm olive skin, soft hazel eyes, thick natural dark brown wavy hair, defined brows, subtle beauty mark near left cheek, gentle confident smile, clean fresh makeup, sunlit natural light, premium lifestyle photography, 35mm lens, shallow depth of field, editorial but realistic, warm coastal color palette, cream linen outfit, gold minimal earrings, relaxed elegant pose, seated on yoga mat with notebook and bottle, wellness routine planning, single person, same identity, consistent facial features, realistic hands when visible, no text, no watermark","low quality, blurry, overprocessed, plastic skin, uncanny, distorted face, asymmetrical eyes, bad anatomy, extra fingers, missing fingers, deformed hands, duplicate person, childlike, old age, harsh makeup, heavy filters, watermark, logo, text, signature, cropped head, extreme closeup, nsfw, nude, lingerie, celebrity lookalike",310520262009,6,2.0,euler,normal,512,768,0921b2ac-71fc-4226-ac68-0b6c27a0d3b9,valentina_sol_gym_009_00001_.png,dataset\valentina_sol\gym,output,images/generated/dataset/valentina_sol/gym/valentina_sol_gym_009_00001_.png,8.274,2026-05-31T22:39:49.480765+00:00,False,initial_sdxl_seed_dataset
valentina_sol_gym_010,Valentina Sol,gym,10,realvisxlV50_v50Bakedvae.safetensors,"photorealistic lifestyle portrait of Valentina Sol, virtual latina influencer, consistent face, oval face, warm olive skin, soft hazel eyes, thick natural dark brown wavy hair, defined brows, subtle beauty mark near left cheek, gentle confident smile, clean fresh makeup, sunlit natural light, premium lifestyle photography, 35mm lens, shallow depth of field, editorial but realistic, warm coastal color palette, cream linen outfit, gold minimal earrings, relaxed elegant pose, gentle pilates pose, soft lighting, tasteful athletic outfit, no mirror distortion, single person, same identity, consistent facial features, realistic hands when visible, no text, no watermark","low quality, blurry, overprocessed, plastic skin, uncanny, distorted face, asymmetrical eyes, bad anatomy, extra fingers, missing fingers, deformed hands, duplicate person, childlike, old age, harsh makeup, heavy filters, watermark, logo, text, signature, cropped head, extreme closeup, nsfw, nude, lingerie, celebrity lookalike",310520262010,6,2.0,euler,normal,512,768,d0319af8-8dc1-4aef-8936-043551712e9e,valentina_sol_gym_010_00001_.png,dataset\valentina_sol\gym,output,images/generated/dataset/valentina_sol/gym/valentina_sol_gym_010_00001_.png,10.037,2026-05-31T22:39:59.530907+00:00,False,initial_sdxl_seed_dataset
valentina_sol_gym_011,Valentina Sol,gym,11,realvisxlV50_v50Bakedvae.safetensors,"photorealistic lifestyle portrait of Valentina Sol, virtual latina influencer, consistent face, oval face, warm olive skin, soft hazel eyes, thick natural dark brown wavy hair, defined brows, subtle beauty mark near left cheek, gentle confident smile, clean fresh makeup, sunlit natural light, premium lifestyle photography, 35mm lens, shallow depth of field, editorial but realistic, warm coastal color palette, cream linen outfit, gold minimal earrings, relaxed elegant pose, gym locker area with neutral tones, ponytail variation but same face, minimal accessories, single person, same identity, consistent facial features, realistic hands when visible, no text, no watermark","low quality, blurry, overprocessed, plastic skin, uncanny, distorted face, asymmetrical eyes, bad anatomy, extra fingers, missing fingers, deformed hands, duplicate person, childlike, old age, harsh makeup, heavy filters, watermark, logo, text, signature, cropped head, extreme closeup, nsfw, nude, lingerie, celebrity lookalike",310520262011,6,2.0,euler,normal,512,768,aa924135-95fa-452c-9970-c0a49a567de2,valentina_sol_gym_011_00001_.png,dataset\valentina_sol\gym,output,images/generated/dataset/valentina_sol/gym/valentina_sol_gym_011_00001_.png,8.079,2026-05-31T22:40:07.615699+00:00,False,initial_sdxl_seed_dataset
valentina_sol_gym_012,Valentina Sol,gym,12,realvisxlV50_v50Bakedvae.safetensors,"photorealistic lifestyle portrait of Valentina Sol, virtual latina influencer, consistent face, oval face, warm olive skin, soft hazel eyes, thick natural dark brown wavy hair, defined brows, subtle beauty mark near left cheek, gentle confident smile, clean fresh makeup, sunlit natural light, premium lifestyle photography, 35mm lens, shallow depth of field, editorial but realistic, warm coastal color palette, cream linen outfit, gold minimal earrings, relaxed elegant pose, holding headphones, ready for workout, relaxed confident smile, single person, same identity, consistent facial features, realistic hands when visible, no text, no watermark","low quality, blurry, overprocessed, plastic skin, uncanny, distorted face, asymmetrical eyes, bad anatomy, extra fingers, missing fingers, deformed hands, duplicate person, childlike, old age, harsh makeup, heavy filters, watermark, logo, text, signature, cropped head, extreme closeup, nsfw, nude, lingerie, celebrity lookalike",310520262012,6,2.0,euler,normal,512,768,3635c036-ea38-45f2-9b1e-20035c1972bc,valentina_sol_gym_012_00001_.png,dataset\valentina_sol\gym,output,images/generated/dataset/valentina_sol/gym/valentina_sol_gym_012_00001_.png,8.179,2026-05-31T22:40:15.800611+00:00,False,initial_sdxl_seed_dataset
valentina_sol_gym_013,Valentina Sol,gym,13,realvisxlV50_v50Bakedvae.safetensors,"photorealistic lifestyle portrait of Valentina Sol, virtual latina influencer, consistent face, oval face, warm olive skin, soft hazel eyes, thick natural dark brown wavy hair, defined brows, subtle beauty mark near left cheek, gentle confident smile, clean fresh makeup, sunlit natural light, premium lifestyle photography, 35mm lens, shallow depth of field, editorial but realistic, warm coastal color palette, cream linen outfit, gold minimal earrings, relaxed elegant pose, stretching shoulders near large window, sunlit studio, clean background, single person, same identity, consistent facial features, realistic hands when visible, no text, no watermark","low quality, blurry, overprocessed, plastic skin, uncanny, distorted face, asymmetrical eyes, bad anatomy, extra fingers, missing fingers, deformed hands, duplicate person, childlike, old age, harsh makeup, heavy filters, watermark, logo, text, signature, cropped head, extreme closeup, nsfw, nude, lingerie, celebrity lookalike",310520262013,6,2.0,euler,normal,512,768,30406a11-6927-4139-ba95-0e9cdd361db3,valentina_sol_gym_013_00001_.png,dataset\valentina_sol\gym,output,images/generated/dataset/valentina_sol/gym/valentina_sol_gym_013_00001_.png,8.049,2026-05-31T22:40:23.863383+00:00,False,initial_sdxl_seed_dataset
valentina_sol_gym_014,Valentina Sol,gym,14,realvisxlV50_v50Bakedvae.safetensors,"photorealistic lifestyle portrait of Valentina Sol, virtual latina influencer, consistent face, oval face, warm olive skin, soft hazel eyes, thick natural dark brown wavy hair, defined brows, subtle beauty mark near left cheek, gentle confident smile, clean fresh makeup, sunlit natural light, premium lifestyle photography, 35mm lens, shallow depth of field, editorial but realistic, warm coastal color palette, cream linen outfit, gold minimal earrings, relaxed elegant pose, fitness studio portrait with towel over shoulder, realistic skin texture, single person, same identity, consistent facial features, realistic hands when visible, no text, no watermark","low quality, blurry, overprocessed, plastic skin, uncanny, distorted face, asymmetrical eyes, bad anatomy, extra fingers, missing fingers, deformed hands, duplicate person, childlike, old age, harsh makeup, heavy filters, watermark, logo, text, signature, cropped head, extreme closeup, nsfw, nude, lingerie, celebrity lookalike",310520262014,6,2.0,euler,normal,512,768,2aaf2d6f-a615-4dec-b5a8-4141db7f095f,valentina_sol_gym_014_00001_.png,dataset\valentina_sol\gym,output,images/generated/dataset/valentina_sol/gym/valentina_sol_gym_014_00001_.png,8.31,2026-05-31T22:40:32.184062+00:00,False,initial_sdxl_seed_dataset
valentina_sol_gym_015,Valentina Sol,gym,15,realvisxlV50_v50Bakedvae.safetensors,"photorealistic lifestyle portrait of Valentina Sol, virtual latina influencer, consistent face, oval face, warm olive skin, soft hazel eyes, thick natural dark brown wavy hair, defined brows, subtle beauty mark near left cheek, gentle confident smile, clean fresh makeup, sunlit natural light, premium lifestyle photography, 35mm lens, shallow depth of field, editorial but realistic, warm coastal color palette, cream linen outfit, gold minimal earrings, relaxed elegant pose, checking workout plan on phone, no readable text, organized healthy routine, single person, same identity, consistent facial features, realistic hands when visible, no text, no watermark","low quality, blurry, overprocessed, plastic skin, uncanny, distorted face, asymmetrical eyes, bad anatomy, extra fingers, missing fingers, deformed hands, duplicate person, childlike, old age, harsh makeup, heavy filters, watermark, logo, text, signature, cropped head, extreme closeup, nsfw, nude, lingerie, celebrity lookalike",310520262015,6,2.0,euler,normal,512,768,c83bdff9-54cc-4ac7-ad18-fe1b8766a1f3,valentina_sol_gym_015_00001_.png,dataset\valentina_sol\gym,output,images/generated/dataset/valentina_sol/gym/valentina_sol_gym_015_00001_.png,8.049,2026-05-31T22:40:40.243656+00:00,False,initial_sdxl_seed_dataset
valentina_sol_gym_016,Valentina Sol,gym,16,realvisxlV50_v50Bakedvae.safetensors,"photorealistic lifestyle portrait of Valentina Sol, virtual latina influencer, consistent face, oval face, warm olive skin, soft hazel eyes, thick natural dark brown wavy hair, defined brows, subtle beauty mark near left cheek, gentle confident smile, clean fresh makeup, sunlit natural light, premium lifestyle photography, 35mm lens, shallow depth of field, editorial but realistic, warm coastal color palette, cream linen outfit, gold minimal earrings, relaxed elegant pose, standing by indoor plants in wellness studio, coral workout top, calm expression, single person, same identity, consistent facial features, realistic hands when visible, no text, no watermark","low quality, blurry, overprocessed, plastic skin, uncanny, distorted face, asymmetrical eyes, bad anatomy, extra fingers, missing fingers, deformed hands, duplicate person, childlike, old age, harsh makeup, heavy filters, watermark, logo, text, signature, cropped head, extreme closeup, nsfw, nude, lingerie, celebrity lookalike",310520262016,6,2.0,euler,normal,512,768,53c313cc-8d26-4e51-a4b6-6e0e2dad1fac,valentina_sol_gym_016_00001_.png,dataset\valentina_sol\gym,output,images/generated/dataset/valentina_sol/gym/valentina_sol_gym_016_00001_.png,8.166,2026-05-31T22:40:48.411361+00:00,False,initial_sdxl_seed_dataset
valentina_sol_gym_017,Valentina Sol,gym,17,realvisxlV50_v50Bakedvae.safetensors,"photorealistic lifestyle portrait of Valentina Sol, virtual latina influencer, consistent face, oval face, warm olive skin, soft hazel eyes, thick natural dark brown wavy hair, defined brows, subtle beauty mark near left cheek, gentle confident smile, clean fresh makeup, sunlit natural light, premium lifestyle photography, 35mm lens, shallow depth of field, editorial but realistic, warm coastal color palette, cream linen outfit, gold minimal earrings, relaxed elegant pose, after-cardio candid portrait, slightly dewy skin, still polished and realistic, single person, same identity, consistent facial features, realistic hands when visible, no text, no watermark","low quality, blurry, overprocessed, plastic skin, uncanny, distorted face, asymmetrical eyes, bad anatomy, extra fingers, missing fingers, deformed hands, duplicate person, childlike, old age, harsh makeup, heavy filters, watermark, logo, text, signature, cropped head, extreme closeup, nsfw, nude, lingerie, celebrity lookalike",310520262017,6,2.0,euler,normal,512,768,4a5b71d2-b746-43ff-829c-4dea543fffb3,valentina_sol_gym_017_00001_.png,dataset\valentina_sol\gym,output,images/generated/dataset/valentina_sol/gym/valentina_sol_gym_017_00001_.png,8.085,2026-05-31T22:40:56.508888+00:00,False,initial_sdxl_seed_dataset
valentina_sol_gym_018,Valentina Sol,gym,18,realvisxlV50_v50Bakedvae.safetensors,"photorealistic lifestyle portrait of Valentina Sol, virtual latina influencer, consistent face, oval face, warm olive skin, soft hazel eyes, thick natural dark brown wavy hair, defined brows, subtle beauty mark near left cheek, gentle confident smile, clean fresh makeup, sunlit natural light, premium lifestyle photography, 35mm lens, shallow depth of field, editorial but realistic, warm coastal color palette, cream linen outfit, gold minimal earrings, relaxed elegant pose, pre-workout warmup on mat, full body lifestyle frame, balanced composition, single person, same identity, consistent facial features, realistic hands when visible, no text, no watermark","low quality, blurry, overprocessed, plastic skin, uncanny, distorted face, asymmetrical eyes, bad anatomy, extra fingers, missing fingers, deformed hands, duplicate person, childlike, old age, harsh makeup, heavy filters, watermark, logo, text, signature, cropped head, extreme closeup, nsfw, nude, lingerie, celebrity lookalike",310520262018,6,2.0,euler,normal,512,768,21e336af-8030-481b-a604-d92446a1b049,valentina_sol_gym_018_00001_.png,dataset\valentina_sol\gym,output,images/generated/dataset/valentina_sol/gym/valentina_sol_gym_018_00001_.png,8.354,2026-05-31T22:41:04.872386+00:00,False,initial_sdxl_seed_dataset
valentina_sol_gym_019,Valentina Sol,gym,19,realvisxlV50_v50Bakedvae.safetensors,"photorealistic lifestyle portrait of Valentina Sol, virtual latina influencer, consistent face, oval face, warm olive skin, soft hazel eyes, thick natural dark brown wavy hair, defined brows, subtle beauty mark near left cheek, gentle confident smile, clean fresh makeup, sunlit natural light, premium lifestyle photography, 35mm lens, shallow depth of field, editorial but realistic, warm coastal color palette, cream linen outfit, gold minimal earrings, relaxed elegant pose, holding a small gym bag, clean sneakers, morning fitness routine, single person, same identity, consistent facial features, realistic hands when visible, no text, no watermark","low quality, blurry, overprocessed, plastic skin, uncanny, distorted face, asymmetrical eyes, bad anatomy, extra fingers, missing fingers, deformed hands, duplicate person, childlike, old age, harsh makeup, heavy filters, watermark, logo, text, signature, cropped head, extreme closeup, nsfw, nude, lingerie, celebrity lookalike",310520262019,6,2.0,euler,normal,512,768,5c8a8e33-147a-4f9d-9003-1e98141aa832,valentina_sol_gym_019_00001_.png,dataset\valentina_sol\gym,output,images/generated/dataset/valentina_sol/gym/valentina_sol_gym_019_00001_.png,8.018,2026-05-31T22:41:12.901210+00:00,False,initial_sdxl_seed_dataset
valentina_sol_gym_020,Valentina Sol,gym,20,realvisxlV50_v50Bakedvae.safetensors,"photorealistic lifestyle portrait of Valentina Sol, virtual latina influencer, consistent face, oval face, warm olive skin, soft hazel eyes, thick natural dark brown wavy hair, defined brows, subtle beauty mark near left cheek, gentle confident smile, clean fresh makeup, sunlit natural light, premium lifestyle photography, 35mm lens, shallow depth of field, editorial but realistic, warm coastal color palette, cream linen outfit, gold minimal earrings, relaxed elegant pose, cooldown moment with water bottle, soft bokeh, positive balanced energy, single person, same identity, consistent facial features, realistic hands when visible, no text, no watermark","low quality, blurry, overprocessed, plastic skin, uncanny, distorted face, asymmetrical eyes, bad anatomy, extra fingers, missing fingers, deformed hands, duplicate person, childlike, old age, harsh makeup, heavy filters, watermark, logo, text, signature, cropped head, extreme closeup, nsfw, nude, lingerie, celebrity lookalike",310520262020,6,2.0,euler,normal,512,768,80de44cb-dff9-456b-8e30-7bf74a3202ce,valentina_sol_gym_020_00001_.png,dataset\valentina_sol\gym,output,images/generated/dataset/valentina_sol/gym/valentina_sol_gym_020_00001_.png,8.332,2026-05-31T22:41:21.240541+00:00,False,initial_sdxl_seed_dataset
valentina_sol_viajes_001,Valentina Sol,viajes,1,realvisxlV50_v50Bakedvae.safetensors,"photorealistic lifestyle portrait of Valentina Sol, virtual latina influencer, consistent face, oval face, warm olive skin, soft hazel eyes, thick natural dark brown wavy hair, defined brows, subtle beauty mark near left cheek, gentle confident smile, clean fresh makeup, sunlit natural light, premium lifestyle photography, 35mm lens, shallow depth of field, editorial but realistic, warm coastal color palette, cream linen outfit, gold minimal earrings, relaxed elegant pose, airport lounge with small suitcase, cream trench, calm travel morning mood, single person, same identity, consistent facial features, realistic hands when visible, no text, no watermark","low quality, blurry, overprocessed, plastic skin, uncanny, distorted face, asymmetrical eyes, bad anatomy, extra fingers, missing fingers, deformed hands, duplicate person, childlike, old age, harsh makeup, heavy filters, watermark, logo, text, signature, cropped head, extreme closeup, nsfw, nude, lingerie, celebrity lookalike",310520263001,6,2.0,euler,normal,512,768,db654f90-52c6-457d-8ae3-c0d93fc1574f,valentina_sol_viajes_001_00001_.png,dataset\valentina_sol\viajes,output,images/generated/dataset/valentina_sol/viajes/valentina_sol_viajes_001_00001_.png,8.058,2026-05-31T22:41:29.308904+00:00,False,initial_sdxl_seed_dataset
valentina_sol_viajes_002,Valentina Sol,viajes,2,realvisxlV50_v50Bakedvae.safetensors,"photorealistic lifestyle portrait of Valentina Sol, virtual latina influencer, consistent face, oval face, warm olive skin, soft hazel eyes, thick natural dark brown wavy hair, defined brows, subtle beauty mark near left cheek, gentle confident smile, clean fresh makeup, sunlit natural light, premium lifestyle photography, 35mm lens, shallow depth of field, editorial but realistic, warm coastal color palette, cream linen outfit, gold minimal earrings, relaxed elegant pose, standing on a sunny colonial street, light denim and linen, travel diary aesthetic, single person, same identity, consistent facial features, realistic hands when visible, no text, no watermark","low quality, blurry, overprocessed, plastic skin, uncanny, distorted face, asymmetrical eyes, bad anatomy, extra fingers, missing fingers, deformed hands, duplicate person, childlike, old age, harsh makeup, heavy filters, watermark, logo, text, signature, cropped head, extreme closeup, nsfw, nude, lingerie, celebrity lookalike",310520263002,6,2.0,euler,normal,512,768,dfd370fa-3f35-4d95-818a-b43764f886b5,valentina_sol_viajes_002_00001_.png,dataset\valentina_sol\viajes,output,images/generated/dataset/valentina_sol/viajes/valentina_sol_viajes_002_00001_.png,8.065,2026-05-31T22:41:37.384322+00:00,False,initial_sdxl_seed_dataset
valentina_sol_viajes_003,Valentina Sol,viajes,3,realvisxlV50_v50Bakedvae.safetensors,"photorealistic lifestyle portrait of Valentina Sol, virtual latina influencer, consistent face, oval face, warm olive skin, soft hazel eyes, thick natural dark brown wavy hair, defined brows, subtle beauty mark near left cheek, gentle confident smile, clean fresh makeup, sunlit natural light, premium lifestyle photography, 35mm lens, shallow depth of field, editorial but realistic, warm coastal color palette, cream linen outfit, gold minimal earrings, relaxed elegant pose, hotel balcony breakfast, city view, soft morning light, premium lifestyle photo, single person, same identity, consistent facial features, realistic hands when visible, no text, no watermark","low quality, blurry, overprocessed, plastic skin, uncanny, distorted face, asymmetrical eyes, bad anatomy, extra fingers, missing fingers, deformed hands, duplicate person, childlike, old age, harsh makeup, heavy filters, watermark, logo, text, signature, cropped head, extreme closeup, nsfw, nude, lingerie, celebrity lookalike",310520263003,6,2.0,euler,normal,512,768,a1e577e2-2ed1-4019-b775-162dd2f14e7c,valentina_sol_viajes_003_00001_.png,dataset\valentina_sol\viajes,output,images/generated/dataset/valentina_sol/viajes/valentina_sol_viajes_003_00001_.png,8.047,2026-05-31T22:41:45.437321+00:00,False,initial_sdxl_seed_dataset
valentina_sol_viajes_004,Valentina Sol,viajes,4,realvisxlV50_v50Bakedvae.safetensors,"photorealistic lifestyle portrait of Valentina Sol, virtual latina influencer, consistent face, oval face, warm olive skin, soft hazel eyes, thick natural dark brown wavy hair, defined brows, subtle beauty mark near left cheek, gentle confident smile, clean fresh makeup, sunlit natural light, premium lifestyle photography, 35mm lens, shallow depth of field, editorial but realistic, warm coastal color palette, cream linen outfit, gold minimal earrings, relaxed elegant pose, train station platform with carry-on suitcase, elegant travel outfit, no readable signs, single person, same identity, consistent facial features, realistic hands when visible, no text, no watermark","low quality, blurry, overprocessed, plastic skin, uncanny, distorted face, asymmetrical eyes, bad anatomy, extra fingers, missing fingers, deformed hands, duplicate person, childlike, old age, harsh makeup, heavy filters, watermark, logo, text, signature, cropped head, extreme closeup, nsfw, nude, lingerie, celebrity lookalike",310520263004,6,2.0,euler,normal,512,768,745b9d58-4cf5-4f2c-a79d-16c4eb39560a,valentina_sol_viajes_004_00001_.png,dataset\valentina_sol\viajes,output,images/generated/dataset/valentina_sol/viajes/valentina_sol_viajes_004_00001_.png,8.043,2026-05-31T22:41:53.485439+00:00,False,initial_sdxl_seed_dataset
valentina_sol_viajes_005,Valentina Sol,viajes,5,realvisxlV50_v50Bakedvae.safetensors,"photorealistic lifestyle portrait of Valentina Sol, virtual latina influencer, consistent face, oval face, warm olive skin, soft hazel eyes, thick natural dark brown wavy hair, defined brows, subtle beauty mark near left cheek, gentle confident smile, clean fresh makeup, sunlit natural light, premium lifestyle photography, 35mm lens, shallow depth of field, editorial but realistic, warm coastal color palette, cream linen outfit, gold minimal earrings, relaxed elegant pose, walking through a boutique hotel lobby, warm lighting, relaxed confident pose, single person, same identity, consistent facial features, realistic hands when visible, no text, no watermark","low quality, blurry, overprocessed, plastic skin, uncanny, distorted face, asymmetrical eyes, bad anatomy, extra fingers, missing fingers, deformed hands, duplicate person, childlike, old age, harsh makeup, heavy filters, watermark, logo, text, signature, cropped head, extreme closeup, nsfw, nude, lingerie, celebrity lookalike",310520263005,6,2.0,euler,normal,512,768,35e8317a-68d7-4aea-bcdb-83a541ce1cf5,valentina_sol_viajes_005_00001_.png,dataset\valentina_sol\viajes,output,images/generated/dataset/valentina_sol/viajes/valentina_sol_viajes_005_00001_.png,8.024,2026-05-31T22:42:01.526262+00:00,False,initial_sdxl_seed_dataset
valentina_sol_viajes_006,Valentina Sol,viajes,6,realvisxlV50_v50Bakedvae.safetensors,"photorealistic lifestyle portrait of Valentina Sol, virtual latina influencer, consistent face, oval face, warm olive skin, soft hazel eyes, thick natural dark brown wavy hair, defined brows, subtle beauty mark near left cheek, gentle confident smile, clean fresh makeup, sunlit natural light, premium lifestyle photography, 35mm lens, shallow depth of field, editorial but realistic, warm coastal color palette, cream linen outfit, gold minimal earrings, relaxed elegant pose, packing a suitcase on a bed, organized travel essentials, natural candid smile, single person, same identity, consistent facial features, realistic hands when visible, no text, no watermark","low quality, blurry, overprocessed, plastic skin, uncanny, distorted face, asymmetrical eyes, bad anatomy, extra fingers, missing fingers, deformed hands, duplicate person, childlike, old age, harsh makeup, heavy filters, watermark, logo, text, signature, cropped head, extreme closeup, nsfw, nude, lingerie, celebrity lookalike",310520263006,6,2.0,euler,normal,512,768,fb248b19-6d29-4d3e-8458-4984036ec2fe,valentina_sol_viajes_006_00001_.png,dataset\valentina_sol\viajes,output,images/generated/dataset/valentina_sol/viajes/valentina_sol_viajes_006_00001_.png,8.076,2026-05-31T22:42:09.609668+00:00,False,initial_sdxl_seed_dataset
valentina_sol_viajes_007,Valentina Sol,viajes,7,realvisxlV50_v50Bakedvae.safetensors,"photorealistic lifestyle portrait of Valentina Sol, virtual latina influencer, consistent face, oval face, warm olive skin, soft hazel eyes, thick natural dark brown wavy hair, defined brows, subtle beauty mark near left cheek, gentle confident smile, clean fresh makeup, sunlit natural light, premium lifestyle photography, 35mm lens, shallow depth of field, editorial but realistic, warm coastal color palette, cream linen outfit, gold minimal earrings, relaxed elegant pose, looking at a city map without readable text, sunglasses, weekend escape mood, single person, same identity, consistent facial features, realistic hands when visible, no text, no watermark","low quality, blurry, overprocessed, plastic skin, uncanny, distorted face, asymmetrical eyes, bad anatomy, extra fingers, missing fingers, deformed hands, duplicate person, childlike, old age, harsh makeup, heavy filters, watermark, logo, text, signature, cropped head, extreme closeup, nsfw, nude, lingerie, celebrity lookalike",310520263007,6,2.0,euler,normal,512,768,3a59ab20-e721-44d4-9126-e8c08e4bf0a6,valentina_sol_viajes_007_00001_.png,dataset\valentina_sol\viajes,output,images/generated/dataset/valentina_sol/viajes/valentina_sol_viajes_007_00001_.png,8.085,2026-05-31T22:42:17.709619+00:00,False,initial_sdxl_seed_dataset
valentina_sol_viajes_008,Valentina Sol,viajes,8,realvisxlV50_v50Bakedvae.safetensors,"photorealistic lifestyle portrait of Valentina Sol, virtual latina influencer, consistent face, oval face, warm olive skin, soft hazel eyes, thick natural dark brown wavy hair, defined brows, subtle beauty mark near left cheek, gentle confident smile, clean fresh makeup, sunlit natural light, premium lifestyle photography, 35mm lens, shallow depth of field, editorial but realistic, warm coastal color palette, cream linen outfit, gold minimal earrings, relaxed elegant pose, scenic overlook with sea and city background, wind in hair, editorial travel portrait, single person, same identity, consistent facial features, realistic hands when visible, no text, no watermark","low quality, blurry, overprocessed, plastic skin, uncanny, distorted face, asymmetrical eyes, bad anatomy, extra fingers, missing fingers, deformed hands, duplicate person, childlike, old age, harsh makeup, heavy filters, watermark, logo, text, signature, cropped head, extreme closeup, nsfw, nude, lingerie, celebrity lookalike",310520263008,6,2.0,euler,normal,512,768,c4ea3fbe-16f7-4d15-acfc-36cd6e11a930,valentina_sol_viajes_008_00001_.png,dataset\valentina_sol\viajes,output,images/generated/dataset/valentina_sol/viajes/valentina_sol_viajes_008_00001_.png,8.099,2026-05-31T22:42:25.816596+00:00,False,initial_sdxl_seed_dataset
valentina_sol_viajes_009,Valentina Sol,viajes,9,realvisxlV50_v50Bakedvae.safetensors,"photorealistic lifestyle portrait of Valentina Sol, virtual latina influencer, consistent face, oval face, warm olive skin, soft hazel eyes, thick natural dark brown wavy hair, defined brows, subtle beauty mark near left cheek, gentle confident smile, clean fresh makeup, sunlit natural light, premium lifestyle photography, 35mm lens, shallow depth of field, editorial but realistic, warm coastal color palette, cream linen outfit, gold minimal earrings, relaxed elegant pose, boutique market street, woven bag, soft colorful background, realistic candid, single person, same identity, consistent facial features, realistic hands when visible, no text, no watermark","low quality, blurry, overprocessed, plastic skin, uncanny, distorted face, asymmetrical eyes, bad anatomy, extra fingers, missing fingers, deformed hands, duplicate person, childlike, old age, harsh makeup, heavy filters, watermark, logo, text, signature, cropped head, extreme closeup, nsfw, nude, lingerie, celebrity lookalike",310520263009,6,2.0,euler,normal,512,768,815ef8c0-9caa-4e70-b48b-6926209bb853,valentina_sol_viajes_009_00001_.png,dataset\valentina_sol\viajes,output,images/generated/dataset/valentina_sol/viajes/valentina_sol_viajes_009_00001_.png,8.05,2026-05-31T22:42:33.880112+00:00,False,initial_sdxl_seed_dataset
valentina_sol_viajes_010,Valentina Sol,viajes,10,realvisxlV50_v50Bakedvae.safetensors,"photorealistic lifestyle portrait of Valentina Sol, virtual latina influencer, consistent face, oval face, warm olive skin, soft hazel eyes, thick natural dark brown wavy hair, defined brows, subtle beauty mark near left cheek, gentle confident smile, clean fresh makeup, sunlit natural light, premium lifestyle photography, 35mm lens, shallow depth of field, editorial but realistic, warm coastal color palette, cream linen outfit, gold minimal earrings, relaxed elegant pose, taxi window portrait, city reflections, cinematic but natural, no brand logos, single person, same identity, consistent facial features, realistic hands when visible, no text, no watermark","low quality, blurry, overprocessed, plastic skin, uncanny, distorted face, asymmetrical eyes, bad anatomy, extra fingers, missing fingers, deformed hands, duplicate person, childlike, old age, harsh makeup, heavy filters, watermark, logo, text, signature, cropped head, extreme closeup, nsfw, nude, lingerie, celebrity lookalike",310520263010,6,2.0,euler,normal,512,768,4a173588-8c60-4e31-b662-314c0d23522b,valentina_sol_viajes_010_00001_.png,dataset\valentina_sol\viajes,output,images/generated/dataset/valentina_sol/viajes/valentina_sol_viajes_010_00001_.png,8.197,2026-05-31T22:42:42.081503+00:00,False,initial_sdxl_seed_dataset
valentina_sol_viajes_011,Valentina Sol,viajes,11,realvisxlV50_v50Bakedvae.safetensors,"photorealistic lifestyle portrait of Valentina Sol, virtual latina influencer, consistent face, oval face, warm olive skin, soft hazel eyes, thick natural dark brown wavy hair, defined brows, subtle beauty mark near left cheek, gentle confident smile, clean fresh makeup, sunlit natural light, premium lifestyle photography, 35mm lens, shallow depth of field, editorial but realistic, warm coastal color palette, cream linen outfit, gold minimal earrings, relaxed elegant pose, small breakfast table in a hotel room, coffee and fruit, morning routine, single person, same identity, consistent facial features, realistic hands when visible, no text, no watermark","low quality, blurry, overprocessed, plastic skin, uncanny, distorted face, asymmetrical eyes, bad anatomy, extra fingers, missing fingers, deformed hands, duplicate person, childlike, old age, harsh makeup, heavy filters, watermark, logo, text, signature, cropped head, extreme closeup, nsfw, nude, lingerie, celebrity lookalike",310520263011,6,2.0,euler,normal,512,768,8381a62b-a2b2-4a8e-a2fc-05fdd93a4933,valentina_sol_viajes_011_00001_.png,dataset\valentina_sol\viajes,output,images/generated/dataset/valentina_sol/viajes/valentina_sol_viajes_011_00001_.png,8.07,2026-05-31T22:42:50.164020+00:00,False,initial_sdxl_seed_dataset
valentina_sol_viajes_012,Valentina Sol,viajes,12,realvisxlV50_v50Bakedvae.safetensors,"photorealistic lifestyle portrait of Valentina Sol, virtual latina influencer, consistent face, oval face, warm olive skin, soft hazel eyes, thick natural dark brown wavy hair, defined brows, subtle beauty mark near left cheek, gentle confident smile, clean fresh makeup, sunlit natural light, premium lifestyle photography, 35mm lens, shallow depth of field, editorial but realistic, warm coastal color palette, cream linen outfit, gold minimal earrings, relaxed elegant pose, walking with suitcase on cobblestone street, white sneakers, warm golden hour, single person, same identity, consistent facial features, realistic hands when visible, no text, no watermark","low quality, blurry, overprocessed, plastic skin, uncanny, distorted face, asymmetrical eyes, bad anatomy, extra fingers, missing fingers, deformed hands, duplicate person, childlike, old age, harsh makeup, heavy filters, watermark, logo, text, signature, cropped head, extreme closeup, nsfw, nude, lingerie, celebrity lookalike",310520263012,6,2.0,euler,normal,512,768,c0242ef4-4667-4b76-ac9b-a78f4368a0e8,valentina_sol_viajes_012_00001_.png,dataset\valentina_sol\viajes,output,images/generated/dataset/valentina_sol/viajes/valentina_sol_viajes_012_00001_.png,8.071,2026-05-31T22:42:58.247669+00:00,False,initial_sdxl_seed_dataset
valentina_sol_viajes_013,Valentina Sol,viajes,13,realvisxlV50_v50Bakedvae.safetensors,"photorealistic lifestyle portrait of Valentina Sol, virtual latina influencer, consistent face, oval face, warm olive skin, soft hazel eyes, thick natural dark brown wavy hair, defined brows, subtle beauty mark near left cheek, gentle confident smile, clean fresh makeup, sunlit natural light, premium lifestyle photography, 35mm lens, shallow depth of field, editorial but realistic, warm coastal color palette, cream linen outfit, gold minimal earrings, relaxed elegant pose, travel content setup with camera and notebook on table, Valentina reviewing ideas, single person, same identity, consistent facial features, realistic hands when visible, no text, no watermark","low quality, blurry, overprocessed, plastic skin, uncanny, distorted face, asymmetrical eyes, bad anatomy, extra fingers, missing fingers, deformed hands, duplicate person, childlike, old age, harsh makeup, heavy filters, watermark, logo, text, signature, cropped head, extreme closeup, nsfw, nude, lingerie, celebrity lookalike",310520263013,6,2.0,euler,normal,512,768,1ad06112-fb44-4a78-885e-d0384de2dc6e,valentina_sol_viajes_013_00001_.png,dataset\valentina_sol\viajes,output,images/generated/dataset/valentina_sol/viajes/valentina_sol_viajes_013_00001_.png,8.087,2026-05-31T22:43:06.348172+00:00,False,initial_sdxl_seed_dataset
valentina_sol_viajes_014,Valentina Sol,viajes,14,realvisxlV50_v50Bakedvae.safetensors,"photorealistic lifestyle portrait of Valentina Sol, virtual latina influencer, consistent face, oval face, warm olive skin, soft hazel eyes, thick natural dark brown wavy hair, defined brows, subtle beauty mark near left cheek, gentle confident smile, clean fresh makeup, sunlit natural light, premium lifestyle photography, 35mm lens, shallow depth of field, editorial but realistic, warm coastal color palette, cream linen outfit, gold minimal earrings, relaxed elegant pose, sunny rooftop terrace, clean outfit, soft skyline bokeh, premium influencer mood, single person, same identity, consistent facial features, realistic hands when visible, no text, no watermark","low quality, blurry, overprocessed, plastic skin, uncanny, distorted face, asymmetrical eyes, bad anatomy, extra fingers, missing fingers, deformed hands, duplicate person, childlike, old age, harsh makeup, heavy filters, watermark, logo, text, signature, cropped head, extreme closeup, nsfw, nude, lingerie, celebrity lookalike",310520263014,6,2.0,euler,normal,512,768,4d5ebf11-cee2-40a2-82eb-e17f1ac165ba,valentina_sol_viajes_014_00001_.png,dataset\valentina_sol\viajes,output,images/generated/dataset/valentina_sol/viajes/valentina_sol_viajes_014_00001_.png,8.148,2026-05-31T22:43:14.506174+00:00,False,initial_sdxl_seed_dataset
valentina_sol_viajes_015,Valentina Sol,viajes,15,realvisxlV50_v50Bakedvae.safetensors,"photorealistic lifestyle portrait of Valentina Sol, virtual latina influencer, consistent face, oval face, warm olive skin, soft hazel eyes, thick natural dark brown wavy hair, defined brows, subtle beauty mark near left cheek, gentle confident smile, clean fresh makeup, sunlit natural light, premium lifestyle photography, 35mm lens, shallow depth of field, editorial but realistic, warm coastal color palette, cream linen outfit, gold minimal earrings, relaxed elegant pose, checking itinerary on phone, no readable text, airport window light, single person, same identity, consistent facial features, realistic hands when visible, no text, no watermark","low quality, blurry, overprocessed, plastic skin, uncanny, distorted face, asymmetrical eyes, bad anatomy, extra fingers, missing fingers, deformed hands, duplicate person, childlike, old age, harsh makeup, heavy filters, watermark, logo, text, signature, cropped head, extreme closeup, nsfw, nude, lingerie, celebrity lookalike",310520263015,6,2.0,euler,normal,512,768,9f8c198c-3393-4128-98cf-620464389315,valentina_sol_viajes_015_00001_.png,dataset\valentina_sol\viajes,output,images/generated/dataset/valentina_sol/viajes/valentina_sol_viajes_015_00001_.png,8.054,2026-05-31T22:43:22.571237+00:00,False,initial_sdxl_seed_dataset
valentina_sol_viajes_016,Valentina Sol,viajes,16,realvisxlV50_v50Bakedvae.safetensors,"photorealistic lifestyle portrait of Valentina Sol, virtual latina influencer, consistent face, oval face, warm olive skin, soft hazel eyes, thick natural dark brown wavy hair, defined brows, subtle beauty mark near left cheek, gentle confident smile, clean fresh makeup, sunlit natural light, premium lifestyle photography, 35mm lens, shallow depth of field, editorial but realistic, warm coastal color palette, cream linen outfit, gold minimal earrings, relaxed elegant pose, standing near a marina during a weekend trip, sea blue palette, gentle smile, single person, same identity, consistent facial features, realistic hands when visible, no text, no watermark","low quality, blurry, overprocessed, plastic skin, uncanny, distorted face, asymmetrical eyes, bad anatomy, extra fingers, missing fingers, deformed hands, duplicate person, childlike, old age, harsh makeup, heavy filters, watermark, logo, text, signature, cropped head, extreme closeup, nsfw, nude, lingerie, celebrity lookalike",310520263016,6,2.0,euler,normal,512,768,97f40de3-ebd6-4bf6-a5fe-519da28861b7,valentina_sol_viajes_016_00001_.png,dataset\valentina_sol\viajes,output,images/generated/dataset/valentina_sol/viajes/valentina_sol_viajes_016_00001_.png,8.19,2026-05-31T22:43:30.772942+00:00,False,initial_sdxl_seed_dataset
valentina_sol_viajes_017,Valentina Sol,viajes,17,realvisxlV50_v50Bakedvae.safetensors,"photorealistic lifestyle portrait of Valentina Sol, virtual latina influencer, consistent face, oval face, warm olive skin, soft hazel eyes, thick natural dark brown wavy hair, defined brows, subtle beauty mark near left cheek, gentle confident smile, clean fresh makeup, sunlit natural light, premium lifestyle photography, 35mm lens, shallow depth of field, editorial but realistic, warm coastal color palette, cream linen outfit, gold minimal earrings, relaxed elegant pose, minimal hotel hallway portrait, linen outfit, gold earrings, soft confidence, single person, same identity, consistent facial features, realistic hands when visible, no text, no watermark","low quality, blurry, overprocessed, plastic skin, uncanny, distorted face, asymmetrical eyes, bad anatomy, extra fingers, missing fingers, deformed hands, duplicate person, childlike, old age, harsh makeup, heavy filters, watermark, logo, text, signature, cropped head, extreme closeup, nsfw, nude, lingerie, celebrity lookalike",310520263017,6,2.0,euler,normal,512,768,b9b17181-7c10-4d3f-a316-8871f3f6e1b0,valentina_sol_viajes_017_00001_.png,dataset\valentina_sol\viajes,output,images/generated/dataset/valentina_sol/viajes/valentina_sol_viajes_017_00001_.png,8.086,2026-05-31T22:43:38.875597+00:00,False,initial_sdxl_seed_dataset
valentina_sol_viajes_018,Valentina Sol,viajes,18,realvisxlV50_v50Bakedvae.safetensors,"photorealistic lifestyle portrait of Valentina Sol, virtual latina influencer, consistent face, oval face, warm olive skin, soft hazel eyes, thick natural dark brown wavy hair, defined brows, subtle beauty mark near left cheek, gentle confident smile, clean fresh makeup, sunlit natural light, premium lifestyle photography, 35mm lens, shallow depth of field, editorial but realistic, warm coastal color palette, cream linen outfit, gold minimal earrings, relaxed elegant pose, sitting in a train seat by window, dreamy natural light, travel reflection mood, single person, same identity, consistent facial features, realistic hands when visible, no text, no watermark","low quality, blurry, overprocessed, plastic skin, uncanny, distorted face, asymmetrical eyes, bad anatomy, extra fingers, missing fingers, deformed hands, duplicate person, childlike, old age, harsh makeup, heavy filters, watermark, logo, text, signature, cropped head, extreme closeup, nsfw, nude, lingerie, celebrity lookalike",310520263018,6,2.0,euler,normal,512,768,c7f30270-b544-42bc-be9b-47b338ed3a80,valentina_sol_viajes_018_00001_.png,dataset\valentina_sol\viajes,output,images/generated/dataset/valentina_sol/viajes/valentina_sol_viajes_018_00001_.png,8.414,2026-05-31T22:43:47.310073+00:00,False,initial_sdxl_seed_dataset
valentina_sol_viajes_019,Valentina Sol,viajes,19,realvisxlV50_v50Bakedvae.safetensors,"photorealistic lifestyle portrait of Valentina Sol, virtual latina influencer, consistent face, oval face, warm olive skin, soft hazel eyes, thick natural dark brown wavy hair, defined brows, subtle beauty mark near left cheek, gentle confident smile, clean fresh makeup, sunlit natural light, premium lifestyle photography, 35mm lens, shallow depth of field, editorial but realistic, warm coastal color palette, cream linen outfit, gold minimal earrings, relaxed elegant pose, walking near palm-lined street with small suitcase, resort city atmosphere, single person, same identity, consistent facial features, realistic hands when visible, no text, no watermark","low quality, blurry, overprocessed, plastic skin, uncanny, distorted face, asymmetrical eyes, bad anatomy, extra fingers, missing fingers, deformed hands, duplicate person, childlike, old age, harsh makeup, heavy filters, watermark, logo, text, signature, cropped head, extreme closeup, nsfw, nude, lingerie, celebrity lookalike",310520263019,6,2.0,euler,normal,512,768,c498769d-3224-41a3-8e87-6e066298b870,valentina_sol_viajes_019_00001_.png,dataset\valentina_sol\viajes,output,images/generated/dataset/valentina_sol/viajes/valentina_sol_viajes_019_00001_.png,10.056,2026-05-31T22:43:57.380520+00:00,False,initial_sdxl_seed_dataset
valentina_sol_viajes_020,Valentina Sol,viajes,20,realvisxlV50_v50Bakedvae.safetensors,"photorealistic lifestyle portrait of Valentina Sol, virtual latina influencer, consistent face, oval face, warm olive skin, soft hazel eyes, thick natural dark brown wavy hair, defined brows, subtle beauty mark near left cheek, gentle confident smile, clean fresh makeup, sunlit natural light, premium lifestyle photography, 35mm lens, shallow depth of field, editorial but realistic, warm coastal color palette, cream linen outfit, gold minimal earrings, relaxed elegant pose, sunset travel portrait with neutral dress, relaxed elegant pose, shallow depth of field, single person, same identity, consistent facial features, realistic hands when visible, no text, no watermark","low quality, blurry, overprocessed, plastic skin, uncanny, distorted face, asymmetrical eyes, bad anatomy, extra fingers, missing fingers, deformed hands, duplicate person, childlike, old age, harsh makeup, heavy filters, watermark, logo, text, signature, cropped head, extreme closeup, nsfw, nude, lingerie, celebrity lookalike",310520263020,6,2.0,euler,normal,512,768,9dabb104-5f91-4f47-9baa-4b594d6c4440,valentina_sol_viajes_020_00001_.png,dataset\valentina_sol\viajes,output,images/generated/dataset/valentina_sol/viajes/valentina_sol_viajes_020_00001_.png,8.064,2026-05-31T22:44:05.454776+00:00,False,initial_sdxl_seed_dataset
valentina_sol_lifestyle_001,Valentina Sol,lifestyle,1,realvisxlV50_v50Bakedvae.safetensors,"photorealistic lifestyle portrait of Valentina Sol, virtual latina influencer, consistent face, oval face, warm olive skin, soft hazel eyes, thick natural dark brown wavy hair, defined brows, subtle beauty mark near left cheek, gentle confident smile, clean fresh makeup, sunlit natural light, premium lifestyle photography, 35mm lens, shallow depth of field, editorial but realistic, warm coastal color palette, cream linen outfit, gold minimal earrings, relaxed elegant pose, bright apartment morning routine, making matcha on a clean kitchen counter, single person, same identity, consistent facial features, realistic hands when visible, no text, no watermark","low quality, blurry, overprocessed, plastic skin, uncanny, distorted face, asymmetrical eyes, bad anatomy, extra fingers, missing fingers, deformed hands, duplicate person, childlike, old age, harsh makeup, heavy filters, watermark, logo, text, signature, cropped head, extreme closeup, nsfw, nude, lingerie, celebrity lookalike",310520264001,6,2.0,euler,normal,512,768,65a635ab-cebf-48ae-b772-f4c45d159086,valentina_sol_lifestyle_001_00001_.png,dataset\valentina_sol\lifestyle,output,images/generated/dataset/valentina_sol/lifestyle/valentina_sol_lifestyle_001_00001_.png,8.107,2026-05-31T22:44:13.577827+00:00,False,initial_sdxl_seed_dataset
valentina_sol_lifestyle_002,Valentina Sol,lifestyle,2,realvisxlV50_v50Bakedvae.safetensors,"photorealistic lifestyle portrait of Valentina Sol, virtual latina influencer, consistent face, oval face, warm olive skin, soft hazel eyes, thick natural dark brown wavy hair, defined brows, subtle beauty mark near left cheek, gentle confident smile, clean fresh makeup, sunlit natural light, premium lifestyle photography, 35mm lens, shallow depth of field, editorial but realistic, warm coastal color palette, cream linen outfit, gold minimal earrings, relaxed elegant pose, sitting on a sofa with laptop and notebook, planning content calendar, soft daylight, single person, same identity, consistent facial features, realistic hands when visible, no text, no watermark","low quality, blurry, overprocessed, plastic skin, uncanny, distorted face, asymmetrical eyes, bad anatomy, extra fingers, missing fingers, deformed hands, duplicate person, childlike, old age, harsh makeup, heavy filters, watermark, logo, text, signature, cropped head, extreme closeup, nsfw, nude, lingerie, celebrity lookalike",310520264002,6,2.0,euler,normal,512,768,97a12a6b-6dcb-4940-92cc-c6b01f4c512f,valentina_sol_lifestyle_002_00001_.png,dataset\valentina_sol\lifestyle,output,images/generated/dataset/valentina_sol/lifestyle/valentina_sol_lifestyle_002_00001_.png,8.053,2026-05-31T22:44:21.643418+00:00,False,initial_sdxl_seed_dataset
valentina_sol_lifestyle_003,Valentina Sol,lifestyle,3,realvisxlV50_v50Bakedvae.safetensors,"photorealistic lifestyle portrait of Valentina Sol, virtual latina influencer, consistent face, oval face, warm olive skin, soft hazel eyes, thick natural dark brown wavy hair, defined brows, subtle beauty mark near left cheek, gentle confident smile, clean fresh makeup, sunlit natural light, premium lifestyle photography, 35mm lens, shallow depth of field, editorial but realistic, warm coastal color palette, cream linen outfit, gold minimal earrings, relaxed elegant pose, watering indoor plants, cream outfit, warm olive skin, calm home lifestyle, single person, same identity, consistent facial features, realistic hands when visible, no text, no watermark","low quality, blurry, overprocessed, plastic skin, uncanny, distorted face, asymmetrical eyes, bad anatomy, extra fingers, missing fingers, deformed hands, duplicate person, childlike, old age, harsh makeup, heavy filters, watermark, logo, text, signature, cropped head, extreme closeup, nsfw, nude, lingerie, celebrity lookalike",310520264003,6,2.0,euler,normal,512,768,200da2f5-4350-409b-bc8c-f921698f6887,valentina_sol_lifestyle_003_00001_.png,dataset\valentina_sol\lifestyle,output,images/generated/dataset/valentina_sol/lifestyle/valentina_sol_lifestyle_003_00001_.png,10.088,2026-05-31T22:44:31.744017+00:00,False,initial_sdxl_seed_dataset
valentina_sol_lifestyle_004,Valentina Sol,lifestyle,4,realvisxlV50_v50Bakedvae.safetensors,"photorealistic lifestyle portrait of Valentina Sol, virtual latina influencer, consistent face, oval face, warm olive skin, soft hazel eyes, thick natural dark brown wavy hair, defined brows, subtle beauty mark near left cheek, gentle confident smile, clean fresh makeup, sunlit natural light, premium lifestyle photography, 35mm lens, shallow depth of field, editorial but realistic, warm coastal color palette, cream linen outfit, gold minimal earrings, relaxed elegant pose, getting ready at vanity with natural makeup, no mirror face distortion, elegant detail, single person, same identity, consistent facial features, realistic hands when visible, no text, no watermark","low quality, blurry, overprocessed, plastic skin, uncanny, distorted face, asymmetrical eyes, bad anatomy, extra fingers, missing fingers, deformed hands, duplicate person, childlike, old age, harsh makeup, heavy filters, watermark, logo, text, signature, cropped head, extreme closeup, nsfw, nude, lingerie, celebrity lookalike",310520264004,6,2.0,euler,normal,512,768,9e038759-581a-4ad7-90bf-67aeb2b44583,valentina_sol_lifestyle_004_00001_.png,dataset\valentina_sol\lifestyle,output,images/generated/dataset/valentina_sol/lifestyle/valentina_sol_lifestyle_004_00001_.png,10.058,2026-05-31T22:44:41.810455+00:00,False,initial_sdxl_seed_dataset
valentina_sol_lifestyle_005,Valentina Sol,lifestyle,5,realvisxlV50_v50Bakedvae.safetensors,"photorealistic lifestyle portrait of Valentina Sol, virtual latina influencer, consistent face, oval face, warm olive skin, soft hazel eyes, thick natural dark brown wavy hair, defined brows, subtle beauty mark near left cheek, gentle confident smile, clean fresh makeup, sunlit natural light, premium lifestyle photography, 35mm lens, shallow depth of field, editorial but realistic, warm coastal color palette, cream linen outfit, gold minimal earrings, relaxed elegant pose, choosing outfits from a neutral capsule wardrobe, organized aesthetic, single person, same identity, consistent facial features, realistic hands when visible, no text, no watermark","low quality, blurry, overprocessed, plastic skin, uncanny, distorted face, asymmetrical eyes, bad anatomy, extra fingers, missing fingers, deformed hands, duplicate person, childlike, old age, harsh makeup, heavy filters, watermark, logo, text, signature, cropped head, extreme closeup, nsfw, nude, lingerie, celebrity lookalike",310520264005,6,2.0,euler,normal,512,768,333aa7d5-c8ed-4802-8a07-77fa60e1eb2b,valentina_sol_lifestyle_005_00001_.png,dataset\valentina_sol\lifestyle,output,images/generated/dataset/valentina_sol/lifestyle/valentina_sol_lifestyle_005_00001_.png,10.049,2026-05-31T22:44:51.871966+00:00,False,initial_sdxl_seed_dataset
valentina_sol_lifestyle_006,Valentina Sol,lifestyle,6,realvisxlV50_v50Bakedvae.safetensors,"photorealistic lifestyle portrait of Valentina Sol, virtual latina influencer, consistent face, oval face, warm olive skin, soft hazel eyes, thick natural dark brown wavy hair, defined brows, subtle beauty mark near left cheek, gentle confident smile, clean fresh makeup, sunlit natural light, premium lifestyle photography, 35mm lens, shallow depth of field, editorial but realistic, warm coastal color palette, cream linen outfit, gold minimal earrings, relaxed elegant pose, standing by a sunny window with coffee, quiet reflective morning mood, single person, same identity, consistent facial features, realistic hands when visible, no text, no watermark","low quality, blurry, overprocessed, plastic skin, uncanny, distorted face, asymmetrical eyes, bad anatomy, extra fingers, missing fingers, deformed hands, duplicate person, childlike, old age, harsh makeup, heavy filters, watermark, logo, text, signature, cropped head, extreme closeup, nsfw, nude, lingerie, celebrity lookalike",310520264006,6,2.0,euler,normal,512,768,029f98c9-cd50-4e78-916a-907e60f5d07a,valentina_sol_lifestyle_006_00001_.png,dataset\valentina_sol\lifestyle,output,images/generated/dataset/valentina_sol/lifestyle/valentina_sol_lifestyle_006_00001_.png,8.094,2026-05-31T22:44:59.977103+00:00,False,initial_sdxl_seed_dataset
valentina_sol_lifestyle_007,Valentina Sol,lifestyle,7,realvisxlV50_v50Bakedvae.safetensors,"photorealistic lifestyle portrait of Valentina Sol, virtual latina influencer, consistent face, oval face, warm olive skin, soft hazel eyes, thick natural dark brown wavy hair, defined brows, subtle beauty mark near left cheek, gentle confident smile, clean fresh makeup, sunlit natural light, premium lifestyle photography, 35mm lens, shallow depth of field, editorial but realistic, warm coastal color palette, cream linen outfit, gold minimal earrings, relaxed elegant pose, flatlay desk scene with Valentina writing ideas, face visible, premium creator routine, single person, same identity, consistent facial features, realistic hands when visible, no text, no watermark","low quality, blurry, overprocessed, plastic skin, uncanny, distorted face, asymmetrical eyes, bad anatomy, extra fingers, missing fingers, deformed hands, duplicate person, childlike, old age, harsh makeup, heavy filters, watermark, logo, text, signature, cropped head, extreme closeup, nsfw, nude, lingerie, celebrity lookalike",310520264007,6,2.0,euler,normal,512,768,e4abbad6-fbf6-48b9-9067-17dd8c8e5473,valentina_sol_lifestyle_007_00001_.png,dataset\valentina_sol\lifestyle,output,images/generated/dataset/valentina_sol/lifestyle/valentina_sol_lifestyle_007_00001_.png,8.119,2026-05-31T22:45:08.110310+00:00,False,initial_sdxl_seed_dataset
valentina_sol_lifestyle_008,Valentina Sol,lifestyle,8,realvisxlV50_v50Bakedvae.safetensors,"photorealistic lifestyle portrait of Valentina Sol, virtual latina influencer, consistent face, oval face, warm olive skin, soft hazel eyes, thick natural dark brown wavy hair, defined brows, subtle beauty mark near left cheek, gentle confident smile, clean fresh makeup, sunlit natural light, premium lifestyle photography, 35mm lens, shallow depth of field, editorial but realistic, warm coastal color palette, cream linen outfit, gold minimal earrings, relaxed elegant pose, home office portrait, laptop and small flowers, focused friendly expression, single person, same identity, consistent facial features, realistic hands when visible, no text, no watermark","low quality, blurry, overprocessed, plastic skin, uncanny, distorted face, asymmetrical eyes, bad anatomy, extra fingers, missing fingers, deformed hands, duplicate person, childlike, old age, harsh makeup, heavy filters, watermark, logo, text, signature, cropped head, extreme closeup, nsfw, nude, lingerie, celebrity lookalike",310520264008,6,2.0,euler,normal,512,768,33baa8f5-5940-4b42-ba32-316e1bb93f22,valentina_sol_lifestyle_008_00001_.png,dataset\valentina_sol\lifestyle,output,images/generated/dataset/valentina_sol/lifestyle/valentina_sol_lifestyle_008_00001_.png,10.078,2026-05-31T22:45:18.198505+00:00,False,initial_sdxl_seed_dataset
valentina_sol_lifestyle_009,Valentina Sol,lifestyle,9,realvisxlV50_v50Bakedvae.safetensors,"photorealistic lifestyle portrait of Valentina Sol, virtual latina influencer, consistent face, oval face, warm olive skin, soft hazel eyes, thick natural dark brown wavy hair, defined brows, subtle beauty mark near left cheek, gentle confident smile, clean fresh makeup, sunlit natural light, premium lifestyle photography, 35mm lens, shallow depth of field, editorial but realistic, warm coastal color palette, cream linen outfit, gold minimal earrings, relaxed elegant pose, evening skincare routine in soft bathroom light, tasteful and non-commercial, single person, same identity, consistent facial features, realistic hands when visible, no text, no watermark","low quality, blurry, overprocessed, plastic skin, uncanny, distorted face, asymmetrical eyes, bad anatomy, extra fingers, missing fingers, deformed hands, duplicate person, childlike, old age, harsh makeup, heavy filters, watermark, logo, text, signature, cropped head, extreme closeup, nsfw, nude, lingerie, celebrity lookalike",310520264009,6,2.0,euler,normal,512,768,bb6f8f90-ef4b-4ebe-93e6-52c1115c768d,valentina_sol_lifestyle_009_00001_.png,dataset\valentina_sol\lifestyle,output,images/generated/dataset/valentina_sol/lifestyle/valentina_sol_lifestyle_009_00001_.png,10.075,2026-05-31T22:45:28.284272+00:00,False,initial_sdxl_seed_dataset
valentina_sol_lifestyle_010,Valentina Sol,lifestyle,10,realvisxlV50_v50Bakedvae.safetensors,"photorealistic lifestyle portrait of Valentina Sol, virtual latina influencer, consistent face, oval face, warm olive skin, soft hazel eyes, thick natural dark brown wavy hair, defined brows, subtle beauty mark near left cheek, gentle confident smile, clean fresh makeup, sunlit natural light, premium lifestyle photography, 35mm lens, shallow depth of field, editorial but realistic, warm coastal color palette, cream linen outfit, gold minimal earrings, relaxed elegant pose, reading on balcony with city plants, linen dress, soft smile, golden hour, single person, same identity, consistent facial features, realistic hands when visible, no text, no watermark","low quality, blurry, overprocessed, plastic skin, uncanny, distorted face, asymmetrical eyes, bad anatomy, extra fingers, missing fingers, deformed hands, duplicate person, childlike, old age, harsh makeup, heavy filters, watermark, logo, text, signature, cropped head, extreme closeup, nsfw, nude, lingerie, celebrity lookalike",310520264010,6,2.0,euler,normal,512,768,0290e08b-dcb6-4105-a9d4-8d1c1722eeda,valentina_sol_lifestyle_010_00001_.png,dataset\valentina_sol\lifestyle,output,images/generated/dataset/valentina_sol/lifestyle/valentina_sol_lifestyle_010_00001_.png,10.079,2026-05-31T22:45:38.380282+00:00,False,initial_sdxl_seed_dataset
valentina_sol_lifestyle_011,Valentina Sol,lifestyle,11,realvisxlV50_v50Bakedvae.safetensors,"photorealistic lifestyle portrait of Valentina Sol, virtual latina influencer, consistent face, oval face, warm olive skin, soft hazel eyes, thick natural dark brown wavy hair, defined brows, subtle beauty mark near left cheek, gentle confident smile, clean fresh makeup, sunlit natural light, premium lifestyle photography, 35mm lens, shallow depth of field, editorial but realistic, warm coastal color palette, cream linen outfit, gold minimal earrings, relaxed elegant pose, healthy breakfast bowl on table, Valentina seated naturally, lifestyle realism, single person, same identity, consistent facial features, realistic hands when visible, no text, no watermark","low quality, blurry, overprocessed, plastic skin, uncanny, distorted face, asymmetrical eyes, bad anatomy, extra fingers, missing fingers, deformed hands, duplicate person, childlike, old age, harsh makeup, heavy filters, watermark, logo, text, signature, cropped head, extreme closeup, nsfw, nude, lingerie, celebrity lookalike",310520264011,6,2.0,euler,normal,512,768,b0122fe7-cacd-4b6c-9986-c07dd230bafa,valentina_sol_lifestyle_011_00001_.png,dataset\valentina_sol\lifestyle,output,images/generated/dataset/valentina_sol/lifestyle/valentina_sol_lifestyle_011_00001_.png,8.068,2026-05-31T22:45:46.463165+00:00,False,initial_sdxl_seed_dataset
valentina_sol_lifestyle_012,Valentina Sol,lifestyle,12,realvisxlV50_v50Bakedvae.safetensors,"photorealistic lifestyle portrait of Valentina Sol, virtual latina influencer, consistent face, oval face, warm olive skin, soft hazel eyes, thick natural dark brown wavy hair, defined brows, subtle beauty mark near left cheek, gentle confident smile, clean fresh makeup, sunlit natural light, premium lifestyle photography, 35mm lens, shallow depth of field, editorial but realistic, warm coastal color palette, cream linen outfit, gold minimal earrings, relaxed elegant pose, organizing camera gear and phone tripod, virtual influencer production routine, single person, same identity, consistent facial features, realistic hands when visible, no text, no watermark","low quality, blurry, overprocessed, plastic skin, uncanny, distorted face, asymmetrical eyes, bad anatomy, extra fingers, missing fingers, deformed hands, duplicate person, childlike, old age, harsh makeup, heavy filters, watermark, logo, text, signature, cropped head, extreme closeup, nsfw, nude, lingerie, celebrity lookalike",310520264012,6,2.0,euler,normal,512,768,89329c4e-3a62-4beb-b2cf-0893e9652910,valentina_sol_lifestyle_012_00001_.png,dataset\valentina_sol\lifestyle,output,images/generated/dataset/valentina_sol/lifestyle/valentina_sol_lifestyle_012_00001_.png,8.141,2026-05-31T22:45:54.614323+00:00,False,initial_sdxl_seed_dataset
valentina_sol_lifestyle_013,Valentina Sol,lifestyle,13,realvisxlV50_v50Bakedvae.safetensors,"photorealistic lifestyle portrait of Valentina Sol, virtual latina influencer, consistent face, oval face, warm olive skin, soft hazel eyes, thick natural dark brown wavy hair, defined brows, subtle beauty mark near left cheek, gentle confident smile, clean fresh makeup, sunlit natural light, premium lifestyle photography, 35mm lens, shallow depth of field, editorial but realistic, warm coastal color palette, cream linen outfit, gold minimal earrings, relaxed elegant pose, minimal living room portrait, coral accent pillow, clean natural composition, single person, same identity, consistent facial features, realistic hands when visible, no text, no watermark","low quality, blurry, overprocessed, plastic skin, uncanny, distorted face, asymmetrical eyes, bad anatomy, extra fingers, missing fingers, deformed hands, duplicate person, childlike, old age, harsh makeup, heavy filters, watermark, logo, text, signature, cropped head, extreme closeup, nsfw, nude, lingerie, celebrity lookalike",310520264013,6,2.0,euler,normal,512,768,5f150674-3290-443e-b5db-da17330776f2,valentina_sol_lifestyle_013_00001_.png,dataset\valentina_sol\lifestyle,output,images/generated/dataset/valentina_sol/lifestyle/valentina_sol_lifestyle_013_00001_.png,8.055,2026-05-31T22:46:02.684690+00:00,False,initial_sdxl_seed_dataset
valentina_sol_lifestyle_014,Valentina Sol,lifestyle,14,realvisxlV50_v50Bakedvae.safetensors,"photorealistic lifestyle portrait of Valentina Sol, virtual latina influencer, consistent face, oval face, warm olive skin, soft hazel eyes, thick natural dark brown wavy hair, defined brows, subtle beauty mark near left cheek, gentle confident smile, clean fresh makeup, sunlit natural light, premium lifestyle photography, 35mm lens, shallow depth of field, editorial but realistic, warm coastal color palette, cream linen outfit, gold minimal earrings, relaxed elegant pose, walking through a sunny neighborhood, casual outfit, everyday aspirational mood, single person, same identity, consistent facial features, realistic hands when visible, no text, no watermark","low quality, blurry, overprocessed, plastic skin, uncanny, distorted face, asymmetrical eyes, bad anatomy, extra fingers, missing fingers, deformed hands, duplicate person, childlike, old age, harsh makeup, heavy filters, watermark, logo, text, signature, cropped head, extreme closeup, nsfw, nude, lingerie, celebrity lookalike",310520264014,6,2.0,euler,normal,512,768,d1bb1a36-5dd9-4f3b-aa87-9fd876a46dd6,valentina_sol_lifestyle_014_00001_.png,dataset\valentina_sol\lifestyle,output,images/generated/dataset/valentina_sol/lifestyle/valentina_sol_lifestyle_014_00001_.png,8.391,2026-05-31T22:46:11.090000+00:00,False,initial_sdxl_seed_dataset
valentina_sol_lifestyle_015,Valentina Sol,lifestyle,15,realvisxlV50_v50Bakedvae.safetensors,"photorealistic lifestyle portrait of Valentina Sol, virtual latina influencer, consistent face, oval face, warm olive skin, soft hazel eyes, thick natural dark brown wavy hair, defined brows, subtle beauty mark near left cheek, gentle confident smile, clean fresh makeup, sunlit natural light, premium lifestyle photography, 35mm lens, shallow depth of field, editorial but realistic, warm coastal color palette, cream linen outfit, gold minimal earrings, relaxed elegant pose, writing gratitude notes at desk, candle and notebook, calm sensory detail, single person, same identity, consistent facial features, realistic hands when visible, no text, no watermark","low quality, blurry, overprocessed, plastic skin, uncanny, distorted face, asymmetrical eyes, bad anatomy, extra fingers, missing fingers, deformed hands, duplicate person, childlike, old age, harsh makeup, heavy filters, watermark, logo, text, signature, cropped head, extreme closeup, nsfw, nude, lingerie, celebrity lookalike",310520264015,6,2.0,euler,normal,512,768,4342a446-507a-4349-a883-18f5882a6f5f,valentina_sol_lifestyle_015_00001_.png,dataset\valentina_sol\lifestyle,output,images/generated/dataset/valentina_sol/lifestyle/valentina_sol_lifestyle_015_00001_.png,10.11,2026-05-31T22:46:21.212220+00:00,False,initial_sdxl_seed_dataset
valentina_sol_lifestyle_016,Valentina Sol,lifestyle,16,realvisxlV50_v50Bakedvae.safetensors,"photorealistic lifestyle portrait of Valentina Sol, virtual latina influencer, consistent face, oval face, warm olive skin, soft hazel eyes, thick natural dark brown wavy hair, defined brows, subtle beauty mark near left cheek, gentle confident smile, clean fresh makeup, sunlit natural light, premium lifestyle photography, 35mm lens, shallow depth of field, editorial but realistic, warm coastal color palette, cream linen outfit, gold minimal earrings, relaxed elegant pose, preparing a simple salad in bright kitchen, wellness lifestyle content, single person, same identity, consistent facial features, realistic hands when visible, no text, no watermark","low quality, blurry, overprocessed, plastic skin, uncanny, distorted face, asymmetrical eyes, bad anatomy, extra fingers, missing fingers, deformed hands, duplicate person, childlike, old age, harsh makeup, heavy filters, watermark, logo, text, signature, cropped head, extreme closeup, nsfw, nude, lingerie, celebrity lookalike",310520264016,6,2.0,euler,normal,512,768,b0729ccd-283c-42cc-aa52-d437e8ef22bb,valentina_sol_lifestyle_016_00001_.png,dataset\valentina_sol\lifestyle,output,images/generated/dataset/valentina_sol/lifestyle/valentina_sol_lifestyle_016_00001_.png,10.077,2026-05-31T22:46:31.303501+00:00,False,initial_sdxl_seed_dataset
valentina_sol_lifestyle_017,Valentina Sol,lifestyle,17,realvisxlV50_v50Bakedvae.safetensors,"photorealistic lifestyle portrait of Valentina Sol, virtual latina influencer, consistent face, oval face, warm olive skin, soft hazel eyes, thick natural dark brown wavy hair, defined brows, subtle beauty mark near left cheek, gentle confident smile, clean fresh makeup, sunlit natural light, premium lifestyle photography, 35mm lens, shallow depth of field, editorial but realistic, warm coastal color palette, cream linen outfit, gold minimal earrings, relaxed elegant pose, sitting on floor near bookshelf, relaxed denim outfit, thoughtful expression, single person, same identity, consistent facial features, realistic hands when visible, no text, no watermark","low quality, blurry, overprocessed, plastic skin, uncanny, distorted face, asymmetrical eyes, bad anatomy, extra fingers, missing fingers, deformed hands, duplicate person, childlike, old age, harsh makeup, heavy filters, watermark, logo, text, signature, cropped head, extreme closeup, nsfw, nude, lingerie, celebrity lookalike",310520264017,6,2.0,euler,normal,512,768,dbd7935b-e832-4c43-bfbc-4b46dab2dc72,valentina_sol_lifestyle_017_00001_.png,dataset\valentina_sol\lifestyle,output,images/generated/dataset/valentina_sol/lifestyle/valentina_sol_lifestyle_017_00001_.png,8.074,2026-05-31T22:46:39.395074+00:00,False,initial_sdxl_seed_dataset
valentina_sol_lifestyle_018,Valentina Sol,lifestyle,18,realvisxlV50_v50Bakedvae.safetensors,"photorealistic lifestyle portrait of Valentina Sol, virtual latina influencer, consistent face, oval face, warm olive skin, soft hazel eyes, thick natural dark brown wavy hair, defined brows, subtle beauty mark near left cheek, gentle confident smile, clean fresh makeup, sunlit natural light, premium lifestyle photography, 35mm lens, shallow depth of field, editorial but realistic, warm coastal color palette, cream linen outfit, gold minimal earrings, relaxed elegant pose, checking weekly goals on tablet, no readable text, tidy workspace, single person, same identity, consistent facial features, realistic hands when visible, no text, no watermark","low quality, blurry, overprocessed, plastic skin, uncanny, distorted face, asymmetrical eyes, bad anatomy, extra fingers, missing fingers, deformed hands, duplicate person, childlike, old age, harsh makeup, heavy filters, watermark, logo, text, signature, cropped head, extreme closeup, nsfw, nude, lingerie, celebrity lookalike",310520264018,6,2.0,euler,normal,512,768,1e1e1e5b-89dc-42df-8347-3659f9c2daaa,valentina_sol_lifestyle_018_00001_.png,dataset\valentina_sol\lifestyle,output,images/generated/dataset/valentina_sol/lifestyle/valentina_sol_lifestyle_018_00001_.png,8.068,2026-05-31T22:46:47.468014+00:00,False,initial_sdxl_seed_dataset
valentina_sol_lifestyle_019,Valentina Sol,lifestyle,19,realvisxlV50_v50Bakedvae.safetensors,"photorealistic lifestyle portrait of Valentina Sol, virtual latina influencer, consistent face, oval face, warm olive skin, soft hazel eyes, thick natural dark brown wavy hair, defined brows, subtle beauty mark near left cheek, gentle confident smile, clean fresh makeup, sunlit natural light, premium lifestyle photography, 35mm lens, shallow depth of field, editorial but realistic, warm coastal color palette, cream linen outfit, gold minimal earrings, relaxed elegant pose, holding a bouquet of fresh flowers, soft natural light, approachable smile, single person, same identity, consistent facial features, realistic hands when visible, no text, no watermark","low quality, blurry, overprocessed, plastic skin, uncanny, distorted face, asymmetrical eyes, bad anatomy, extra fingers, missing fingers, deformed hands, duplicate person, childlike, old age, harsh makeup, heavy filters, watermark, logo, text, signature, cropped head, extreme closeup, nsfw, nude, lingerie, celebrity lookalike",310520264019,6,2.0,euler,normal,512,768,537d1f27-e741-4da4-9d3a-475d70c5361f,valentina_sol_lifestyle_019_00001_.png,dataset\valentina_sol\lifestyle,output,images/generated/dataset/valentina_sol/lifestyle/valentina_sol_lifestyle_019_00001_.png,10.07,2026-05-31T22:46:57.556625+00:00,False,initial_sdxl_seed_dataset
valentina_sol_lifestyle_020,Valentina Sol,lifestyle,20,realvisxlV50_v50Bakedvae.safetensors,"photorealistic lifestyle portrait of Valentina Sol, virtual latina influencer, consistent face, oval face, warm olive skin, soft hazel eyes, thick natural dark brown wavy hair, defined brows, subtle beauty mark near left cheek, gentle confident smile, clean fresh makeup, sunlit natural light, premium lifestyle photography, 35mm lens, shallow depth of field, editorial but realistic, warm coastal color palette, cream linen outfit, gold minimal earrings, relaxed elegant pose, golden hour apartment portrait, wavy hair, gold earrings, warm coastal palette, single person, same identity, consistent facial features, realistic hands when visible, no text, no watermark","low quality, blurry, overprocessed, plastic skin, uncanny, distorted face, asymmetrical eyes, bad anatomy, extra fingers, missing fingers, deformed hands, duplicate person, childlike, old age, harsh makeup, heavy filters, watermark, logo, text, signature, cropped head, extreme closeup, nsfw, nude, lingerie, celebrity lookalike",310520264020,6,2.0,euler,normal,512,768,71ee2b30-4578-42ee-8926-b3130f61fbe1,valentina_sol_lifestyle_020_00001_.png,dataset\valentina_sol\lifestyle,output,images/generated/dataset/valentina_sol/lifestyle/valentina_sol_lifestyle_020_00001_.png,10.057,2026-05-31T22:47:07.628393+00:00,False,initial_sdxl_seed_dataset
